a,r,b
{sys_id:3567},"{type:позиция,номер:4,sys_id:3783}",{sys_id:442}
{sys_id:2992},"{type:позиция,номер:3,sys_id:419}",{sys_id:442}
{sys_id:2990},"{type:позиция,номер:3,sys_id:284}",{sys_id:442}
{sys_id:3019},"{type:позиция,номер:4,sys_id:324}",{sys_id:442}
{sys_id:3002},"{type:позиция,номер:5,sys_id:307}",{sys_id:442}
{sys_id:2674},"{type:позиция,номер:6,sys_id:3462}",{sys_id:442}
{sys_id:2719},"{type:позиция,номер:6,sys_id:1152}",{sys_id:442}
{sys_id:2519},"{type:позиция,номер:7,sys_id:2645}",{sys_id:442}
{sys_id:2896},"{type:позиция,номер:6,sys_id:2116}",{sys_id:442}
{sys_id:2989},"{type:позиция,номер:6,sys_id:274}",{sys_id:442}
{sys_id:2686},"{type:реферер,sys_id:3240}",{sys_id:442}
{sys_id:2626},"{type:реферер,sys_id:3739}",{sys_id:442}
{sys_id:2854},"{type:реферер,sys_id:1978}",{sys_id:442}
{sys_id:2999},"{type:реферер,sys_id:268}",{sys_id:442}
{sys_id:2462},"{type:кому,номер:7,sys_id:3344}",{sys_id:442}
{sys_id:1326},"{type:реферал,номер:7,sys_id:3436}",{sys_id:442}
{sys_id:3205},"{type:принадлежит,sys_id:2663}",{sys_id:442}
{sys_id:1400},"{type:список,sys_id:2744}",{sys_id:444}
{sys_id:2639},"{type:имеет,sys_id:3176}",{sys_id:445}
{sys_id:2639},"{type:список,sys_id:3185}",{sys_id:446}
{sys_id:442},"{type:имеет,sys_id:2684}",{sys_id:465}
{sys_id:3399},"{type:список,sys_id:1964}",{sys_id:499}
{sys_id:1289},"{type:список,sys_id:2337}",{sys_id:1208}
{sys_id:1255},"{type:распределение,sys_id:2352}",{sys_id:1247}
{sys_id:1255},"{type:распределение,sys_id:2353}",{sys_id:1248}
{sys_id:1255},"{type:распределение,sys_id:2354}",{sys_id:1249}
{sys_id:1255},"{type:распределение,sys_id:2355}",{sys_id:1250}
{sys_id:1255},"{type:распределение,sys_id:2356}",{sys_id:1251}
{sys_id:1255},"{type:распределение,sys_id:2357}",{sys_id:1252}
{sys_id:1255},"{type:распределение,sys_id:2358}",{sys_id:1253}
{sys_id:1255},"{type:распределение,sys_id:2359}",{sys_id:1254}
{sys_id:1256},"{type:ценообразование,sys_id:2360}",{sys_id:1255}
{sys_id:3221},"{type:принадлежит,sys_id:2665}",{sys_id:1289}
{sys_id:2440},"{type:позиция,номер:1,sys_id:3625}",{sys_id:1289}
{sys_id:3500},"{type:позиция,номер:1,sys_id:3695}",{sys_id:1289}
{sys_id:3218},"{type:позиция,номер:2,sys_id:3308}",{sys_id:1289}
{sys_id:3182},"{type:позиция,номер:5,sys_id:3258}",{sys_id:1289}
{sys_id:3202},"{type:позиция,номер:3,sys_id:3282}",{sys_id:1289}
{sys_id:3198},"{type:позиция,номер:4,sys_id:3270}",{sys_id:1289}
{sys_id:1347},"{type:позиция,номер:5,sys_id:2477}",{sys_id:1289}
{sys_id:1293},"{type:позиция,номер:6,sys_id:2437}",{sys_id:1289}
{sys_id:1291},"{type:реферер,sys_id:2431}",{sys_id:1289}
{sys_id:1326},"{type:реферал,sys_id:2349}",{sys_id:1289}
{sys_id:1209},"{type:кому,номер:7,sys_id:2339}",{sys_id:1289}
{sys_id:1208},"{type:позиция,номер:7,sys_id:2336}",{sys_id:1289}
{sys_id:1289},"{type:имеет,sys_id:2428}",{sys_id:1290}
{sys_id:3188},"{type:принадлежит,sys_id:2660}",{sys_id:1291}
{sys_id:2440},"{type:позиция,номер:2,sys_id:3627}",{sys_id:1291}
{sys_id:3500},"{type:позиция,номер:2,sys_id:3696}",{sys_id:1291}
{sys_id:3218},"{type:позиция,номер:3,sys_id:3309}",{sys_id:1291}
{sys_id:3182},"{type:позиция,номер:6,sys_id:3259}",{sys_id:1291}
{sys_id:3180},"{type:реферер,sys_id:3253}",{sys_id:1291}
{sys_id:3202},"{type:позиция,номер:4,sys_id:3283}",{sys_id:1291}
{sys_id:3198},"{type:позиция,номер:5,sys_id:3271}",{sys_id:1291}
{sys_id:1347},"{type:позиция,номер:6,sys_id:2478}",{sys_id:1291}
{sys_id:1345},"{type:реферер,номер:7,sys_id:2472}",{sys_id:1291}
{sys_id:1289},"{type:реферал,номер:7,sys_id:2442}",{sys_id:1291}
{sys_id:1294},"{type:кому,номер:7,sys_id:2441}",{sys_id:1291}
{sys_id:1293},"{type:позиция,номер:7,sys_id:2438}",{sys_id:1291}
{sys_id:1291},"{type:имеет,sys_id:2430}",{sys_id:1292}
{sys_id:1291},"{type:список,sys_id:2439}",{sys_id:1293}
{sys_id:3109},"{type:раздел,sys_id:561}",{sys_id:1306}
{sys_id:3108},"{type:раздел,sys_id:559}",{sys_id:1306}
{sys_id:3107},"{type:раздел,sys_id:557}",{sys_id:1306}
{sys_id:3106},"{type:раздел,sys_id:555}",{sys_id:1306}
{sys_id:3105},"{type:раздел,sys_id:553}",{sys_id:1306}
{sys_id:3103},"{type:раздел,sys_id:549}",{sys_id:1306}
{sys_id:1307},"{type:раздел,sys_id:2986}",{sys_id:1306}
{sys_id:3120},"{type:раздел,sys_id:583}",{sys_id:1307}
{sys_id:3119},"{type:раздел,sys_id:581}",{sys_id:1307}
{sys_id:3118},"{type:раздел,sys_id:579}",{sys_id:1307}
{sys_id:3117},"{type:раздел,sys_id:577}",{sys_id:1307}
{sys_id:3116},"{type:раздел,sys_id:575}",{sys_id:1307}
{sys_id:3115},"{type:раздел,sys_id:573}",{sys_id:1307}
{sys_id:3104},"{type:раздел,sys_id:571}",{sys_id:1307}
{sys_id:3114},"{type:раздел,sys_id:569}",{sys_id:1307}
{sys_id:3113},"{type:раздел,sys_id:567}",{sys_id:1307}
{sys_id:3112},"{type:раздел,sys_id:550}",{sys_id:1307}
{sys_id:3111},"{type:раздел,sys_id:565}",{sys_id:1307}
{sys_id:3110},"{type:раздел,sys_id:563}",{sys_id:1307}
{sys_id:3057},"{type:раздел,sys_id:531}",{sys_id:1309}
{sys_id:3056},"{type:раздел,sys_id:529}",{sys_id:1309}
{sys_id:3055},"{type:раздел,sys_id:527}",{sys_id:1309}
{sys_id:3054},"{type:раздел,sys_id:468}",{sys_id:1309}
{sys_id:3053},"{type:раздел,sys_id:466}",{sys_id:1309}
{sys_id:3052},"{type:раздел,sys_id:464}",{sys_id:1309}
{sys_id:3091},"{type:раздел,sys_id:518}",{sys_id:1309}
{sys_id:3090},"{type:раздел,sys_id:516}",{sys_id:1309}
{sys_id:3089},"{type:раздел,sys_id:514}",{sys_id:1309}
{sys_id:3088},"{type:раздел,sys_id:512}",{sys_id:1309}
{sys_id:3087},"{type:раздел,sys_id:510}",{sys_id:1309}
{sys_id:3085},"{type:раздел,sys_id:506}",{sys_id:1309}
{sys_id:3078},"{type:раздел,sys_id:492}",{sys_id:1311}
{sys_id:3480},"{type:раздел,sys_id:3681}",{sys_id:1311}
{sys_id:3479},"{type:раздел,sys_id:3679}",{sys_id:1311}
{sys_id:3447},"{type:раздел,sys_id:3653}",{sys_id:1311}
{sys_id:3457},"{type:раздел,sys_id:3575}",{sys_id:1311}
{sys_id:1312},"{type:раздел,sys_id:2391}",{sys_id:1311}
{sys_id:3039},"{type:раздел,sys_id:398}",{sys_id:1312}
{sys_id:3038},"{type:раздел,sys_id:396}",{sys_id:1312}
{sys_id:3037},"{type:раздел,sys_id:394}",{sys_id:1312}
{sys_id:3036},"{type:раздел,sys_id:392}",{sys_id:1312}
{sys_id:3035},"{type:раздел,sys_id:390}",{sys_id:1312}
{sys_id:3034},"{type:раздел,sys_id:388}",{sys_id:1312}
{sys_id:2878},"{type:от,sys_id:1801}",{sys_id:1324}
{sys_id:2893},"{type:от,sys_id:1773}",{sys_id:1324}
{sys_id:2873},"{type:от,sys_id:1757}",{sys_id:1324}
{sys_id:2871},"{type:от,sys_id:1689}",{sys_id:1324}
{sys_id:2778},"{type:от,sys_id:1734}",{sys_id:1324}
{sys_id:2850},"{type:от,sys_id:1698}",{sys_id:1324}
{sys_id:2816},"{type:от,sys_id:1715}",{sys_id:1324}
{sys_id:2831},"{type:от,sys_id:1675}",{sys_id:1324}
{sys_id:2829},"{type:от,sys_id:1659}",{sys_id:1324}
{sys_id:2841},"{type:от,sys_id:1639}",{sys_id:1324}
{sys_id:2839},"{type:от,sys_id:1624}",{sys_id:1324}
{sys_id:2823},"{type:от,sys_id:1599}",{sys_id:1324}
{sys_id:2810},"{type:от,sys_id:1519}",{sys_id:1324}
{sys_id:2791},"{type:от,sys_id:1479}",{sys_id:1324}
{sys_id:2770},"{type:от,sys_id:1488}",{sys_id:1324}
{sys_id:2769},"{type:от,sys_id:1445}",{sys_id:1324}
{sys_id:2765},"{type:от,sys_id:1403}",{sys_id:1324}
{sys_id:2783},"{type:от,sys_id:1410}",{sys_id:1324}
{sys_id:2760},"{type:от,sys_id:1390}",{sys_id:1324}
{sys_id:2735},"{type:от,sys_id:1286}",{sys_id:1324}
{sys_id:2741},"{type:от,sys_id:3556}",{sys_id:1324}
{sys_id:2725},"{type:от,sys_id:1169}",{sys_id:1324}
{sys_id:2720},"{type:от,sys_id:1159}",{sys_id:1324}
{sys_id:2699},"{type:от,sys_id:3541}",{sys_id:1324}
{sys_id:2621},"{type:от,sys_id:3304}",{sys_id:1324}
{sys_id:2693},"{type:от,sys_id:3456}",{sys_id:1324}
{sys_id:2688},"{type:от,sys_id:3242}",{sys_id:1324}
{sys_id:2682},"{type:от,sys_id:3230}",{sys_id:1324}
{sys_id:2613},"{type:от,sys_id:3143}",{sys_id:1324}
{sys_id:2634},"{type:от,sys_id:3131}",{sys_id:1324}
{sys_id:2651},"{type:от,sys_id:3085}",{sys_id:1324}
{sys_id:2548},"{type:от,sys_id:3001}",{sys_id:1324}
{sys_id:2561},"{type:от,sys_id:3047}",{sys_id:1324}
{sys_id:1209},"{type:от,sys_id:2338}",{sys_id:1324}
{sys_id:1294},"{type:от,sys_id:2440}",{sys_id:1324}
{sys_id:1344},"{type:от,sys_id:2468}",{sys_id:1324}
{sys_id:1348},"{type:от,sys_id:2481}",{sys_id:1324}
{sys_id:471},"{type:от,sys_id:1905}",{sys_id:1324}
{sys_id:475},"{type:от,sys_id:1918}",{sys_id:1324}
{sys_id:487},"{type:от,sys_id:1941}",{sys_id:1324}
{sys_id:3199},"{type:от,sys_id:3275}",{sys_id:1324}
{sys_id:3203},"{type:от,sys_id:3288}",{sys_id:1324}
{sys_id:3183},"{type:от,sys_id:3262}",{sys_id:1324}
{sys_id:3219},"{type:от,sys_id:3315}",{sys_id:1324}
{sys_id:3187},"{type:от,sys_id:3415}",{sys_id:1324}
{sys_id:3191},"{type:от,sys_id:3428}",{sys_id:1324}
{sys_id:3193},"{type:от,sys_id:3438}",{sys_id:1324}
{sys_id:3224},"{type:от,sys_id:3469}",{sys_id:1324}
{sys_id:3228},"{type:от,sys_id:3482}",{sys_id:1324}
{sys_id:3317},"{type:от,sys_id:3491}",{sys_id:1324}
{sys_id:500},"{type:от,sys_id:1965}",{sys_id:1324}
{sys_id:3431},"{type:от,sys_id:3377}",{sys_id:1324}
{sys_id:3501},"{type:от,sys_id:3723}",{sys_id:1324}
{sys_id:2441},"{type:от,sys_id:2256}",{sys_id:1324}
{sys_id:2438},"{type:от,sys_id:2253}",{sys_id:1324}
{sys_id:2461},"{type:от,sys_id:2283}",{sys_id:1324}
{sys_id:2445},"{type:от,sys_id:2305}",{sys_id:1324}
{sys_id:2451},"{type:от,sys_id:2523}",{sys_id:1324}
{sys_id:2455},"{type:от,sys_id:2536}",{sys_id:1324}
{sys_id:2504},"{type:от,sys_id:2519}",{sys_id:1324}
{sys_id:2471},"{type:от,sys_id:2587}",{sys_id:1324}
{sys_id:2491},"{type:от,sys_id:2351}",{sys_id:1324}
{sys_id:2506},"{type:от,sys_id:2566}",{sys_id:1324}
{sys_id:2508},"{type:от,sys_id:2637}",{sys_id:1324}
{sys_id:1308},"{type:от,sys_id:2662}",{sys_id:1324}
{sys_id:447},"{type:от,sys_id:2676}",{sys_id:1324}
{sys_id:2459},"{type:от,sys_id:2496}",{sys_id:1324}
{sys_id:2462},"{type:от,sys_id:2513}",{sys_id:1324}
{sys_id:3499},"{type:от,sys_id:3429}",{sys_id:1324}
{sys_id:493},"{type:от,sys_id:2264}",{sys_id:1324}
{sys_id:489},"{type:от,sys_id:1942}",{sys_id:1324}
{sys_id:466},"{type:от,sys_id:2426}",{sys_id:1324}
{sys_id:492},"{type:от,sys_id:1950}",{sys_id:1324}
{sys_id:2550},"{type:от,sys_id:2720}",{sys_id:1324}
{sys_id:2556},"{type:от,sys_id:2493}",{sys_id:1324}
{sys_id:2592},"{type:от,sys_id:2819}",{sys_id:1324}
{sys_id:2597},"{type:от,sys_id:2868}",{sys_id:1324}
{sys_id:443},"{type:от,sys_id:2874}",{sys_id:1324}
{sys_id:2577},"{type:от,sys_id:2844}",{sys_id:1324}
{sys_id:2583},"{type:от,sys_id:2960}",{sys_id:1324}
{sys_id:2640},"{type:от,sys_id:3013}",{sys_id:1324}
{sys_id:2502},"{type:принадлежит,sys_id:2547}",{sys_id:1324}
{sys_id:1324},"{type:имеет,sys_id:2402}",{sys_id:1325}
{sys_id:3567},"{type:позиция,номер:3,sys_id:3782}",{sys_id:1326}
{sys_id:3124},"{type:позиция,номер:5,sys_id:594}",{sys_id:1326}
{sys_id:2992},"{type:позиция,номер:2,sys_id:418}",{sys_id:1326}
{sys_id:2990},"{type:позиция,номер:2,sys_id:283}",{sys_id:1326}
{sys_id:3019},"{type:позиция,номер:3,sys_id:323}",{sys_id:1326}
{sys_id:3002},"{type:позиция,номер:4,sys_id:306}",{sys_id:1326}
{sys_id:2989},"{type:позиция,номер:5,sys_id:273}",{sys_id:1326}
{sys_id:2980},"{type:позиция,номер:6,sys_id:168}",{sys_id:1326}
{sys_id:2515},"{type:позиция,номер:6,sys_id:2234}",{sys_id:1326}
{sys_id:2860},"{type:позиция,номер:5,sys_id:2101}",{sys_id:1326}
{sys_id:2897},"{type:позиция,номер:6,sys_id:2124}",{sys_id:1326}
{sys_id:2896},"{type:позиция,номер:5,sys_id:2115}",{sys_id:1326}
{sys_id:2509},"{type:позиция,номер:6,sys_id:2132}",{sys_id:1326}
{sys_id:2895},"{type:позиция,номер:4,sys_id:2650}",{sys_id:1326}
{sys_id:2894},"{type:позиция,номер:4,sys_id:1783}",{sys_id:1326}
{sys_id:2884},"{type:позиция,номер:5,sys_id:1856}",{sys_id:1326}
{sys_id:2669},"{type:позиция,номер:5,sys_id:1838}",{sys_id:1326}
{sys_id:2880},"{type:позиция,номер:6,sys_id:1817}",{sys_id:1326}
{sys_id:2877},"{type:позиция,номер:4,sys_id:1796}",{sys_id:1326}
{sys_id:2892},"{type:позиция,номер:5,sys_id:1768}",{sys_id:1326}
{sys_id:2872},"{type:позиция,номер:5,sys_id:1752}",{sys_id:1326}
{sys_id:2870},"{type:позиция,номер:5,sys_id:1684}",{sys_id:1326}
{sys_id:2818},"{type:позиция,номер:5,sys_id:1638}",{sys_id:1326}
{sys_id:2817},"{type:позиция,номер:5,sys_id:1726}",{sys_id:1326}
{sys_id:2815},"{type:позиция,номер:5,sys_id:1573}",{sys_id:1326}
{sys_id:2830},"{type:позиция,номер:5,sys_id:1670}",{sys_id:1326}
{sys_id:2828},"{type:позиция,номер:5,sys_id:1654}",{sys_id:1326}
{sys_id:2840},"{type:позиция,номер:5,sys_id:1634}",{sys_id:1326}
{sys_id:2838},"{type:позиция,номер:5,sys_id:1620}",{sys_id:1326}
{sys_id:2822},"{type:позиция,номер:5,sys_id:1536}",{sys_id:1326}
{sys_id:2834},"{type:позиция,номер:5,sys_id:1586}",{sys_id:1326}
{sys_id:2808},"{type:позиция,номер:6,sys_id:1513}",{sys_id:1326}
{sys_id:2775},"{type:позиция,номер:6,sys_id:1546}",{sys_id:1326}
{sys_id:2804},"{type:позиция,номер:6,sys_id:1463}",{sys_id:1326}
{sys_id:2767},"{type:позиция,номер:5,sys_id:1436}",{sys_id:1326}
{sys_id:2738},"{type:позиция,номер:6,sys_id:1343}",{sys_id:1326}
{sys_id:2761},"{type:позиция,номер:5,sys_id:1397}",{sys_id:1326}
{sys_id:2757},"{type:позиция,номер:5,sys_id:1374}",{sys_id:1326}
{sys_id:2734},"{type:позиция,номер:6,sys_id:1280}",{sys_id:1326}
{sys_id:2708},"{type:позиция,номер:5,sys_id:1214}",{sys_id:1326}
{sys_id:2702},"{type:позиция,номер:6,sys_id:3630}",{sys_id:1326}
{sys_id:2719},"{type:позиция,номер:5,sys_id:1151}",{sys_id:1326}
{sys_id:2624},"{type:позиция,номер:6,sys_id:3734}",{sys_id:1326}
{sys_id:2620},"{type:позиция,номер:6,sys_id:3665}",{sys_id:1326}
{sys_id:2675},"{type:позиция,номер:6,sys_id:3514}",{sys_id:1326}
{sys_id:2674},"{type:позиция,номер:5,sys_id:3461}",{sys_id:1326}
{sys_id:2671},"{type:позиция,номер:5,sys_id:3202}",{sys_id:1326}
{sys_id:446},"{type:позиция,номер:6,sys_id:3183}",{sys_id:1326}
{sys_id:2633},"{type:позиция,номер:6,sys_id:3124}",{sys_id:1326}
{sys_id:2554},"{type:позиция,номер:6,sys_id:2719}",{sys_id:1326}
{sys_id:2644},"{type:позиция,номер:6,sys_id:3028}",{sys_id:1326}
{sys_id:2582},"{type:позиция,номер:5,sys_id:2954}",{sys_id:1326}
{sys_id:2600},"{type:позиция,номер:6,sys_id:2905}",{sys_id:1326}
{sys_id:2542},"{type:позиция,номер:6,sys_id:2784}",{sys_id:1326}
{sys_id:2595},"{type:позиция,номер:6,sys_id:2857}",{sys_id:1326}
{sys_id:2591},"{type:позиция,номер:6,sys_id:2812}",{sys_id:1326}
{sys_id:444},"{type:позиция,номер:6,sys_id:2742}",{sys_id:1326}
{sys_id:2545},"{type:позиция,номер:5,sys_id:2518}",{sys_id:1326}
{sys_id:490},"{type:позиция,номер:4,sys_id:2300}",{sys_id:1326}
{sys_id:2544},"{type:позиция,номер:5,sys_id:3484}",{sys_id:1326}
{sys_id:2463},"{type:позиция,номер:6,sys_id:3419}",{sys_id:1326}
{sys_id:2519},"{type:позиция,номер:6,sys_id:2691}",{sys_id:1326}
{sys_id:2452},"{type:позиция,номер:5,sys_id:2308}",{sys_id:1326}
{sys_id:2478},"{type:позиция,номер:5,sys_id:2658}",{sys_id:1326}
{sys_id:2507},"{type:позиция,номер:6,sys_id:2574}",{sys_id:1326}
{sys_id:2505},"{type:позиция,номер:6,sys_id:2562}",{sys_id:1326}
{sys_id:2475},"{type:позиция,номер:6,sys_id:2599}",{sys_id:1326}
{sys_id:2469},"{type:позиция,номер:6,sys_id:2582}",{sys_id:1326}
{sys_id:2487},"{type:позиция,номер:6,sys_id:1952}",{sys_id:1326}
{sys_id:2454},"{type:позиция,номер:5,sys_id:2532}",{sys_id:1326}
{sys_id:2499},"{type:позиция,номер:5,sys_id:2505}",{sys_id:1326}
{sys_id:2444},"{type:позиция,номер:4,sys_id:2299}",{sys_id:1326}
{sys_id:2443},"{type:позиция,номер:5,sys_id:2278}",{sys_id:1326}
{sys_id:2437},"{type:позиция,номер:6,sys_id:2250}",{sys_id:1326}
{sys_id:3430},"{type:позиция,номер:4,sys_id:3371}",{sys_id:1326}
{sys_id:499},"{type:позиция,номер:5,sys_id:1961}",{sys_id:1326}
{sys_id:3316},"{type:позиция,номер:6,sys_id:3488}",{sys_id:1326}
{sys_id:3227},"{type:позиция,номер:6,sys_id:3479}",{sys_id:1326}
{sys_id:3223},"{type:позиция,номер:6,sys_id:3466}",{sys_id:1326}
{sys_id:3192},"{type:позиция,номер:6,sys_id:3435}",{sys_id:1326}
{sys_id:3190},"{type:позиция,номер:6,sys_id:3425}",{sys_id:1326}
{sys_id:3186},"{type:позиция,номер:6,sys_id:3412}",{sys_id:1326}
{sys_id:3218},"{type:позиция,номер:1,sys_id:3307}",{sys_id:1326}
{sys_id:3182},"{type:позиция,номер:4,sys_id:3257}",{sys_id:1326}
{sys_id:3202},"{type:позиция,номер:2,sys_id:3281}",{sys_id:1326}
{sys_id:3198},"{type:позиция,номер:3,sys_id:3269}",{sys_id:1326}
{sys_id:1340},"{type:позиция,номер:7,sys_id:2416}",{sys_id:1326}
{sys_id:1208},"{type:позиция,номер:6,sys_id:2335}",{sys_id:1326}
{sys_id:1293},"{type:позиция,номер:5,sys_id:2436}",{sys_id:1326}
{sys_id:1343},"{type:позиция,номер:6,sys_id:2425}",{sys_id:1326}
{sys_id:1347},"{type:позиция,номер:4,sys_id:2476}",{sys_id:1326}
{sys_id:470},"{type:позиция,номер:6,sys_id:1902}",{sys_id:1326}
{sys_id:474},"{type:позиция,номер:5,sys_id:1914}",{sys_id:1326}
{sys_id:486},"{type:позиция,номер:6,sys_id:1938}",{sys_id:1326}
{sys_id:3123},"{type:автор,sys_id:588}",{sys_id:1326}
{sys_id:3122},"{type:автор,sys_id:586}",{sys_id:1326}
{sys_id:3121},"{type:автор,sys_id:584}",{sys_id:1326}
{sys_id:3120},"{type:автор,sys_id:582}",{sys_id:1326}
{sys_id:3119},"{type:автор,sys_id:580}",{sys_id:1326}
{sys_id:3118},"{type:автор,sys_id:578}",{sys_id:1326}
{sys_id:3117},"{type:автор,sys_id:576}",{sys_id:1326}
{sys_id:3116},"{type:автор,sys_id:574}",{sys_id:1326}
{sys_id:3115},"{type:автор,sys_id:572}",{sys_id:1326}
{sys_id:3104},"{type:автор,sys_id:570}",{sys_id:1326}
{sys_id:3114},"{type:автор,sys_id:568}",{sys_id:1326}
{sys_id:3113},"{type:автор,sys_id:551}",{sys_id:1326}
{sys_id:3112},"{type:автор,sys_id:566}",{sys_id:1326}
{sys_id:3111},"{type:автор,sys_id:564}",{sys_id:1326}
{sys_id:3110},"{type:автор,sys_id:562}",{sys_id:1326}
{sys_id:3109},"{type:автор,sys_id:560}",{sys_id:1326}
{sys_id:3108},"{type:автор,sys_id:558}",{sys_id:1326}
{sys_id:3107},"{type:автор,sys_id:556}",{sys_id:1326}
{sys_id:3106},"{type:автор,sys_id:554}",{sys_id:1326}
{sys_id:3105},"{type:автор,sys_id:552}",{sys_id:1326}
{sys_id:3103},"{type:автор,sys_id:548}",{sys_id:1326}
{sys_id:3102},"{type:автор,sys_id:546}",{sys_id:1326}
{sys_id:3101},"{type:автор,sys_id:544}",{sys_id:1326}
{sys_id:3100},"{type:автор,sys_id:542}",{sys_id:1326}
{sys_id:3099},"{type:автор,sys_id:540}",{sys_id:1326}
{sys_id:3098},"{type:автор,sys_id:538}",{sys_id:1326}
{sys_id:3097},"{type:автор,sys_id:536}",{sys_id:1326}
{sys_id:3096},"{type:автор,sys_id:534}",{sys_id:1326}
{sys_id:3095},"{type:автор,sys_id:532}",{sys_id:1326}
{sys_id:3057},"{type:автор,sys_id:530}",{sys_id:1326}
{sys_id:3056},"{type:автор,sys_id:528}",{sys_id:1326}
{sys_id:3055},"{type:автор,sys_id:469}",{sys_id:1326}
{sys_id:3054},"{type:автор,sys_id:467}",{sys_id:1326}
{sys_id:3053},"{type:автор,sys_id:465}",{sys_id:1326}
{sys_id:3052},"{type:автор,sys_id:463}",{sys_id:1326}
{sys_id:3091},"{type:автор,sys_id:517}",{sys_id:1326}
{sys_id:3090},"{type:автор,sys_id:515}",{sys_id:1326}
{sys_id:3089},"{type:автор,sys_id:513}",{sys_id:1326}
{sys_id:3088},"{type:автор,sys_id:511}",{sys_id:1326}
{sys_id:3087},"{type:автор,sys_id:509}",{sys_id:1326}
{sys_id:3086},"{type:автор,sys_id:507}",{sys_id:1326}
{sys_id:3085},"{type:автор,sys_id:505}",{sys_id:1326}
{sys_id:3084},"{type:автор,sys_id:503}",{sys_id:1326}
{sys_id:3083},"{type:автор,sys_id:501}",{sys_id:1326}
{sys_id:3082},"{type:автор,sys_id:499}",{sys_id:1326}
{sys_id:3081},"{type:автор,sys_id:497}",{sys_id:1326}
{sys_id:3080},"{type:автор,sys_id:495}",{sys_id:1326}
{sys_id:3079},"{type:автор,sys_id:493}",{sys_id:1326}
{sys_id:3078},"{type:автор,sys_id:491}",{sys_id:1326}
{sys_id:3077},"{type:автор,sys_id:3014}",{sys_id:1326}
{sys_id:2630},"{type:автор,sys_id:2389}",{sys_id:1326}
{sys_id:2650},"{type:автор,sys_id:448}",{sys_id:1326}
{sys_id:3017},"{type:автор,sys_id:446}",{sys_id:1326}
{sys_id:3016},"{type:автор,sys_id:444}",{sys_id:1326}
{sys_id:3015},"{type:автор,sys_id:442}",{sys_id:1326}
{sys_id:3014},"{type:автор,sys_id:440}",{sys_id:1326}
{sys_id:3013},"{type:автор,sys_id:438}",{sys_id:1326}
{sys_id:3012},"{type:автор,sys_id:436}",{sys_id:1326}
{sys_id:2997},"{type:автор,sys_id:479}",{sys_id:1326}
{sys_id:2996},"{type:автор,sys_id:477}",{sys_id:1326}
{sys_id:3048},"{type:автор,sys_id:455}",{sys_id:1326}
{sys_id:3047},"{type:автор,sys_id:453}",{sys_id:1326}
{sys_id:3046},"{type:автор,sys_id:451}",{sys_id:1326}
{sys_id:3045},"{type:автор,sys_id:409}",{sys_id:1326}
{sys_id:3044},"{type:автор,sys_id:407}",{sys_id:1326}
{sys_id:3043},"{type:автор,sys_id:405}",{sys_id:1326}
{sys_id:3042},"{type:автор,sys_id:403}",{sys_id:1326}
{sys_id:3041},"{type:автор,sys_id:401}",{sys_id:1326}
{sys_id:3040},"{type:автор,sys_id:399}",{sys_id:1326}
{sys_id:3039},"{type:автор,sys_id:397}",{sys_id:1326}
{sys_id:3038},"{type:автор,sys_id:395}",{sys_id:1326}
{sys_id:3037},"{type:автор,sys_id:393}",{sys_id:1326}
{sys_id:3036},"{type:автор,sys_id:391}",{sys_id:1326}
{sys_id:3035},"{type:автор,sys_id:389}",{sys_id:1326}
{sys_id:3034},"{type:автор,sys_id:387}",{sys_id:1326}
{sys_id:3033},"{type:автор,sys_id:385}",{sys_id:1326}
{sys_id:3032},"{type:автор,sys_id:383}",{sys_id:1326}
{sys_id:3031},"{type:автор,sys_id:381}",{sys_id:1326}
{sys_id:3030},"{type:автор,sys_id:379}",{sys_id:1326}
{sys_id:3029},"{type:автор,sys_id:377}",{sys_id:1326}
{sys_id:3028},"{type:автор,sys_id:375}",{sys_id:1326}
{sys_id:3027},"{type:автор,sys_id:372}",{sys_id:1326}
{sys_id:3026},"{type:автор,sys_id:370}",{sys_id:1326}
{sys_id:3025},"{type:автор,sys_id:368}",{sys_id:1326}
{sys_id:3024},"{type:автор,sys_id:366}",{sys_id:1326}
{sys_id:3023},"{type:автор,sys_id:364}",{sys_id:1326}
{sys_id:3022},"{type:автор,sys_id:362}",{sys_id:1326}
{sys_id:2961},"{type:автор,sys_id:229}",{sys_id:1326}
{sys_id:2968},"{type:автор,sys_id:197}",{sys_id:1326}
{sys_id:2979},"{type:автор,sys_id:159}",{sys_id:1326}
{sys_id:2957},"{type:автор,sys_id:2196}",{sys_id:1326}
{sys_id:2501},"{type:автор,sys_id:2515}",{sys_id:1326}
{sys_id:3480},"{type:автор,sys_id:3680}",{sys_id:1326}
{sys_id:3479},"{type:автор,sys_id:3678}",{sys_id:1326}
{sys_id:3447},"{type:автор,sys_id:3652}",{sys_id:1326}
{sys_id:3478},"{type:автор,sys_id:3676}",{sys_id:1326}
{sys_id:3458},"{type:автор,sys_id:3576}",{sys_id:1326}
{sys_id:3204},"{type:автор,sys_id:3291}",{sys_id:1326}
{sys_id:2953},"{type:реферер,sys_id:149}",{sys_id:1326}
{sys_id:2865},"{type:реферер,sys_id:2244}",{sys_id:1326}
{sys_id:2511},"{type:реферер,sys_id:2136}",{sys_id:1326}
{sys_id:2933},"{type:реферер,sys_id:2019}",{sys_id:1326}
{sys_id:2665},"{type:реферер,sys_id:1824}",{sys_id:1326}
{sys_id:2806},"{type:реферер,sys_id:1507}",{sys_id:1326}
{sys_id:2798},"{type:реферер,sys_id:1474}",{sys_id:1326}
{sys_id:2787},"{type:реферер,sys_id:1345}",{sys_id:1326}
{sys_id:2763},"{type:реферер,sys_id:1402}",{sys_id:1326}
{sys_id:2732},"{type:реферер,sys_id:1274}",{sys_id:1326}
{sys_id:2723},"{type:реферер,sys_id:1167}",{sys_id:1326}
{sys_id:2697},"{type:реферер,sys_id:3539}",{sys_id:1326}
{sys_id:2618},"{type:реферер,sys_id:3659}",{sys_id:1326}
{sys_id:2691},"{type:реферер,sys_id:3452}",{sys_id:1326}
{sys_id:2639},"{type:реферер,sys_id:3177}",{sys_id:1326}
{sys_id:2654},"{type:реферер,sys_id:3100}",{sys_id:1326}
{sys_id:2552},"{type:реферер,sys_id:2469}",{sys_id:1326}
{sys_id:2642},"{type:реферер,sys_id:3022}",{sys_id:1326}
{sys_id:2598},"{type:реферер,sys_id:2899}",{sys_id:1326}
{sys_id:2523},"{type:реферер,sys_id:2778}",{sys_id:1326}
{sys_id:2572},"{type:реферер,sys_id:2833}",{sys_id:1326}
{sys_id:2589},"{type:реферер,sys_id:2766}",{sys_id:1326}
{sys_id:1400},"{type:реферер,sys_id:2736}",{sys_id:1326}
{sys_id:2453},"{type:реферер,sys_id:3392}",{sys_id:1326}
{sys_id:442},"{type:реферер,sys_id:2685}",{sys_id:1326}
{sys_id:2495},"{type:реферер,sys_id:2626}",{sys_id:1326}
{sys_id:2492},"{type:реферер,sys_id:2618}",{sys_id:1326}
{sys_id:2473},"{type:реферер,sys_id:2593}",{sys_id:1326}
{sys_id:2467},"{type:реферер,sys_id:2576}",{sys_id:1326}
{sys_id:3194},"{type:реферер,sys_id:3442}",{sys_id:1326}
{sys_id:1289},"{type:реферер,sys_id:2429}",{sys_id:1326}
{sys_id:1341},"{type:принадлежит,sys_id:1919}",{sys_id:1326}
{sys_id:1326},"{type:имеет,sys_id:2403}",{sys_id:1327}
{sys_id:3567},"{type:позиция,номер:2,sys_id:3781}",{sys_id:1328}
{sys_id:3124},"{type:позиция,номер:4,sys_id:593}",{sys_id:1328}
{sys_id:2992},"{type:позиция,номер:1,sys_id:417}",{sys_id:1328}
{sys_id:2990},"{type:позиция,номер:1,sys_id:282}",{sys_id:1328}
{sys_id:3019},"{type:позиция,номер:2,sys_id:322}",{sys_id:1328}
{sys_id:3002},"{type:позиция,номер:3,sys_id:305}",{sys_id:1328}
{sys_id:2989},"{type:позиция,номер:4,sys_id:272}",{sys_id:1328}
{sys_id:2980},"{type:позиция,номер:5,sys_id:167}",{sys_id:1328}
{sys_id:2515},"{type:позиция,номер:5,sys_id:2233}",{sys_id:1328}
{sys_id:2860},"{type:позиция,номер:4,sys_id:2100}",{sys_id:1328}
{sys_id:2897},"{type:позиция,номер:5,sys_id:2123}",{sys_id:1328}
{sys_id:2896},"{type:позиция,номер:4,sys_id:2114}",{sys_id:1328}
{sys_id:2509},"{type:позиция,номер:5,sys_id:2131}",{sys_id:1328}
{sys_id:2895},"{type:позиция,номер:3,sys_id:2649}",{sys_id:1328}
{sys_id:2894},"{type:позиция,номер:3,sys_id:1782}",{sys_id:1328}
{sys_id:2884},"{type:позиция,номер:4,sys_id:1855}",{sys_id:1328}
{sys_id:2669},"{type:позиция,номер:4,sys_id:1837}",{sys_id:1328}
{sys_id:2880},"{type:позиция,номер:5,sys_id:1816}",{sys_id:1328}
{sys_id:2877},"{type:позиция,номер:3,sys_id:1795}",{sys_id:1328}
{sys_id:2892},"{type:позиция,номер:4,sys_id:1767}",{sys_id:1328}
{sys_id:2872},"{type:позиция,номер:4,sys_id:1751}",{sys_id:1328}
{sys_id:2870},"{type:позиция,номер:4,sys_id:1683}",{sys_id:1328}
{sys_id:2818},"{type:позиция,номер:4,sys_id:1604}",{sys_id:1328}
{sys_id:2817},"{type:позиция,номер:4,sys_id:1725}",{sys_id:1328}
{sys_id:2815},"{type:позиция,номер:4,sys_id:1572}",{sys_id:1328}
{sys_id:2830},"{type:позиция,номер:4,sys_id:1669}",{sys_id:1328}
{sys_id:2828},"{type:позиция,номер:4,sys_id:1613}",{sys_id:1328}
{sys_id:2840},"{type:позиция,номер:4,sys_id:1633}",{sys_id:1328}
{sys_id:2838},"{type:позиция,номер:4,sys_id:1619}",{sys_id:1328}
{sys_id:2822},"{type:позиция,номер:4,sys_id:1535}",{sys_id:1328}
{sys_id:2834},"{type:позиция,номер:4,sys_id:1585}",{sys_id:1328}
{sys_id:2808},"{type:позиция,номер:5,sys_id:1512}",{sys_id:1328}
{sys_id:2775},"{type:позиция,номер:5,sys_id:1545}",{sys_id:1328}
{sys_id:2804},"{type:позиция,номер:5,sys_id:1462}",{sys_id:1328}
{sys_id:2767},"{type:позиция,номер:4,sys_id:1435}",{sys_id:1328}
{sys_id:2738},"{type:позиция,номер:5,sys_id:1342}",{sys_id:1328}
{sys_id:2761},"{type:позиция,номер:4,sys_id:1396}",{sys_id:1328}
{sys_id:2757},"{type:позиция,номер:4,sys_id:1373}",{sys_id:1328}
{sys_id:2734},"{type:позиция,номер:5,sys_id:1279}",{sys_id:1328}
{sys_id:2708},"{type:позиция,номер:4,sys_id:1213}",{sys_id:1328}
{sys_id:2702},"{type:позиция,номер:5,sys_id:3629}",{sys_id:1328}
{sys_id:2719},"{type:позиция,номер:4,sys_id:1150}",{sys_id:1328}
{sys_id:2624},"{type:позиция,номер:5,sys_id:3733}",{sys_id:1328}
{sys_id:2620},"{type:позиция,номер:5,sys_id:3664}",{sys_id:1328}
{sys_id:2675},"{type:позиция,номер:5,sys_id:3513}",{sys_id:1328}
{sys_id:1340},"{type:позиция,номер:6,sys_id:2415}",{sys_id:1328}
{sys_id:1208},"{type:позиция,номер:5,sys_id:2334}",{sys_id:1328}
{sys_id:1293},"{type:позиция,номер:4,sys_id:2435}",{sys_id:1328}
{sys_id:1343},"{type:позиция,номер:5,sys_id:2424}",{sys_id:1328}
{sys_id:1347},"{type:позиция,номер:3,sys_id:2475}",{sys_id:1328}
{sys_id:470},"{type:позиция,номер:5,sys_id:1901}",{sys_id:1328}
{sys_id:474},"{type:позиция,номер:4,sys_id:1913}",{sys_id:1328}
{sys_id:486},"{type:позиция,номер:5,sys_id:1937}",{sys_id:1328}
{sys_id:3198},"{type:позиция,номер:2,sys_id:3268}",{sys_id:1328}
{sys_id:3202},"{type:позиция,номер:1,sys_id:3280}",{sys_id:1328}
{sys_id:3182},"{type:позиция,номер:3,sys_id:3256}",{sys_id:1328}
{sys_id:3186},"{type:позиция,номер:5,sys_id:3411}",{sys_id:1328}
{sys_id:3190},"{type:позиция,номер:5,sys_id:3424}",{sys_id:1328}
{sys_id:3192},"{type:позиция,номер:5,sys_id:3434}",{sys_id:1328}
{sys_id:3223},"{type:позиция,номер:5,sys_id:3465}",{sys_id:1328}
{sys_id:3227},"{type:позиция,номер:5,sys_id:3478}",{sys_id:1328}
{sys_id:3316},"{type:позиция,номер:5,sys_id:3487}",{sys_id:1328}
{sys_id:499},"{type:позиция,номер:4,sys_id:1960}",{sys_id:1328}
{sys_id:3430},"{type:позиция,номер:3,sys_id:3370}",{sys_id:1328}
{sys_id:2437},"{type:позиция,номер:5,sys_id:2249}",{sys_id:1328}
{sys_id:2443},"{type:позиция,номер:4,sys_id:2277}",{sys_id:1328}
{sys_id:2444},"{type:позиция,номер:3,sys_id:2298}",{sys_id:1328}
{sys_id:2499},"{type:позиция,номер:4,sys_id:2504}",{sys_id:1328}
{sys_id:2454},"{type:позиция,номер:4,sys_id:2531}",{sys_id:1328}
{sys_id:2487},"{type:позиция,номер:5,sys_id:2390}",{sys_id:1328}
{sys_id:2469},"{type:позиция,номер:5,sys_id:2581}",{sys_id:1328}
{sys_id:2475},"{type:позиция,номер:5,sys_id:2598}",{sys_id:1328}
{sys_id:2505},"{type:позиция,номер:5,sys_id:1892}",{sys_id:1328}
{sys_id:2507},"{type:позиция,номер:5,sys_id:2573}",{sys_id:1328}
{sys_id:2478},"{type:позиция,номер:4,sys_id:2657}",{sys_id:1328}
{sys_id:2452},"{type:позиция,номер:4,sys_id:2307}",{sys_id:1328}
{sys_id:2519},"{type:позиция,номер:5,sys_id:2690}",{sys_id:1328}
{sys_id:2463},"{type:позиция,номер:5,sys_id:3418}",{sys_id:1328}
{sys_id:2544},"{type:позиция,номер:4,sys_id:3483}",{sys_id:1328}
{sys_id:490},"{type:позиция,номер:3,sys_id:2295}",{sys_id:1328}
{sys_id:2545},"{type:позиция,номер:4,sys_id:2517}",{sys_id:1328}
{sys_id:444},"{type:позиция,номер:5,sys_id:2741}",{sys_id:1328}
{sys_id:2591},"{type:позиция,номер:5,sys_id:2771}",{sys_id:1328}
{sys_id:2595},"{type:позиция,номер:5,sys_id:2856}",{sys_id:1328}
{sys_id:2542},"{type:позиция,номер:5,sys_id:2783}",{sys_id:1328}
{sys_id:2600},"{type:позиция,номер:5,sys_id:2904}",{sys_id:1328}
{sys_id:2582},"{type:позиция,номер:4,sys_id:2953}",{sys_id:1328}
{sys_id:2644},"{type:позиция,номер:5,sys_id:3027}",{sys_id:1328}
{sys_id:2554},"{type:позиция,номер:5,sys_id:2718}",{sys_id:1328}
{sys_id:2633},"{type:позиция,номер:5,sys_id:3123}",{sys_id:1328}
{sys_id:446},"{type:позиция,номер:5,sys_id:3182}",{sys_id:1328}
{sys_id:2671},"{type:позиция,номер:4,sys_id:3201}",{sys_id:1328}
{sys_id:2674},"{type:позиция,номер:4,sys_id:3460}",{sys_id:1328}
{sys_id:467},"{type:принадлежит,sys_id:1907}",{sys_id:1328}
{sys_id:1328},"{type:имеет,sys_id:2404}",{sys_id:1329}
{sys_id:3567},"{type:позиция,номер:1,sys_id:3780}",{sys_id:1330}
{sys_id:3124},"{type:позиция,номер:3,sys_id:592}",{sys_id:1330}
{sys_id:3019},"{type:позиция,номер:1,sys_id:321}",{sys_id:1330}
{sys_id:3002},"{type:позиция,номер:2,sys_id:304}",{sys_id:1330}
{sys_id:2989},"{type:позиция,номер:3,sys_id:271}",{sys_id:1330}
{sys_id:2980},"{type:позиция,номер:4,sys_id:166}",{sys_id:1330}
{sys_id:2515},"{type:позиция,номер:4,sys_id:2232}",{sys_id:1330}
{sys_id:2860},"{type:позиция,номер:3,sys_id:2099}",{sys_id:1330}
{sys_id:2897},"{type:позиция,номер:4,sys_id:2122}",{sys_id:1330}
{sys_id:2896},"{type:позиция,номер:3,sys_id:2113}",{sys_id:1330}
{sys_id:2509},"{type:позиция,номер:4,sys_id:2130}",{sys_id:1330}
{sys_id:2895},"{type:позиция,номер:2,sys_id:2648}",{sys_id:1330}
{sys_id:2894},"{type:позиция,номер:2,sys_id:1781}",{sys_id:1330}
{sys_id:2884},"{type:позиция,номер:3,sys_id:1854}",{sys_id:1330}
{sys_id:2669},"{type:позиция,номер:3,sys_id:1836}",{sys_id:1330}
{sys_id:2880},"{type:позиция,номер:4,sys_id:1815}",{sys_id:1330}
{sys_id:2877},"{type:позиция,номер:2,sys_id:1794}",{sys_id:1330}
{sys_id:2892},"{type:позиция,номер:3,sys_id:1766}",{sys_id:1330}
{sys_id:2872},"{type:позиция,номер:3,sys_id:1750}",{sys_id:1330}
{sys_id:2870},"{type:позиция,номер:3,sys_id:1682}",{sys_id:1330}
{sys_id:2818},"{type:позиция,номер:3,sys_id:1733}",{sys_id:1330}
{sys_id:2817},"{type:позиция,номер:3,sys_id:1724}",{sys_id:1330}
{sys_id:2815},"{type:позиция,номер:3,sys_id:1571}",{sys_id:1330}
{sys_id:2830},"{type:позиция,номер:3,sys_id:1668}",{sys_id:1330}
{sys_id:2828},"{type:позиция,номер:3,sys_id:1612}",{sys_id:1330}
{sys_id:2840},"{type:позиция,номер:3,sys_id:1632}",{sys_id:1330}
{sys_id:2838},"{type:позиция,номер:3,sys_id:1618}",{sys_id:1330}
{sys_id:2822},"{type:позиция,номер:3,sys_id:1534}",{sys_id:1330}
{sys_id:2834},"{type:позиция,номер:3,sys_id:1584}",{sys_id:1330}
{sys_id:2808},"{type:позиция,номер:4,sys_id:1511}",{sys_id:1330}
{sys_id:2775},"{type:позиция,номер:4,sys_id:1544}",{sys_id:1330}
{sys_id:2804},"{type:позиция,номер:4,sys_id:1461}",{sys_id:1330}
{sys_id:2767},"{type:позиция,номер:3,sys_id:1434}",{sys_id:1330}
{sys_id:2738},"{type:позиция,номер:4,sys_id:1341}",{sys_id:1330}
{sys_id:2761},"{type:позиция,номер:3,sys_id:1395}",{sys_id:1330}
{sys_id:2757},"{type:позиция,номер:3,sys_id:1372}",{sys_id:1330}
{sys_id:2734},"{type:позиция,номер:4,sys_id:1278}",{sys_id:1330}
{sys_id:2708},"{type:позиция,номер:3,sys_id:1212}",{sys_id:1330}
{sys_id:2702},"{type:позиция,номер:4,sys_id:3628}",{sys_id:1330}
{sys_id:2719},"{type:позиция,номер:3,sys_id:1149}",{sys_id:1330}
{sys_id:2624},"{type:позиция,номер:4,sys_id:3732}",{sys_id:1330}
{sys_id:2620},"{type:позиция,номер:4,sys_id:3663}",{sys_id:1330}
{sys_id:2675},"{type:позиция,номер:4,sys_id:3512}",{sys_id:1330}
{sys_id:2674},"{type:позиция,номер:3,sys_id:3459}",{sys_id:1330}
{sys_id:2671},"{type:позиция,номер:3,sys_id:3200}",{sys_id:1330}
{sys_id:446},"{type:позиция,номер:4,sys_id:3181}",{sys_id:1330}
{sys_id:2633},"{type:позиция,номер:4,sys_id:3122}",{sys_id:1330}
{sys_id:2554},"{type:позиция,номер:4,sys_id:2717}",{sys_id:1330}
{sys_id:2644},"{type:позиция,номер:4,sys_id:3026}",{sys_id:1330}
{sys_id:1340},"{type:позиция,номер:5,sys_id:2414}",{sys_id:1330}
{sys_id:1208},"{type:позиция,номер:4,sys_id:2333}",{sys_id:1330}
{sys_id:1293},"{type:позиция,номер:3,sys_id:2434}",{sys_id:1330}
{sys_id:1343},"{type:позиция,номер:4,sys_id:2423}",{sys_id:1330}
{sys_id:1347},"{type:позиция,номер:2,sys_id:2474}",{sys_id:1330}
{sys_id:470},"{type:позиция,номер:4,sys_id:1900}",{sys_id:1330}
{sys_id:474},"{type:позиция,номер:3,sys_id:1912}",{sys_id:1330}
{sys_id:486},"{type:позиция,номер:4,sys_id:1936}",{sys_id:1330}
{sys_id:3198},"{type:позиция,номер:1,sys_id:3267}",{sys_id:1330}
{sys_id:3182},"{type:позиция,номер:2,sys_id:3255}",{sys_id:1330}
{sys_id:3186},"{type:позиция,номер:4,sys_id:3410}",{sys_id:1330}
{sys_id:3190},"{type:позиция,номер:4,sys_id:3423}",{sys_id:1330}
{sys_id:3192},"{type:позиция,номер:4,sys_id:3433}",{sys_id:1330}
{sys_id:3223},"{type:позиция,номер:4,sys_id:3324}",{sys_id:1330}
{sys_id:3227},"{type:позиция,номер:4,sys_id:3477}",{sys_id:1330}
{sys_id:3316},"{type:позиция,номер:4,sys_id:3486}",{sys_id:1330}
{sys_id:499},"{type:позиция,номер:3,sys_id:1959}",{sys_id:1330}
{sys_id:3430},"{type:позиция,номер:2,sys_id:3528}",{sys_id:1330}
{sys_id:2437},"{type:позиция,номер:4,sys_id:2248}",{sys_id:1330}
{sys_id:2443},"{type:позиция,номер:3,sys_id:2276}",{sys_id:1330}
{sys_id:2444},"{type:позиция,номер:2,sys_id:2297}",{sys_id:1330}
{sys_id:2499},"{type:позиция,номер:3,sys_id:2503}",{sys_id:1330}
{sys_id:2454},"{type:позиция,номер:3,sys_id:2530}",{sys_id:1330}
{sys_id:2487},"{type:позиция,номер:4,sys_id:1871}",{sys_id:1330}
{sys_id:2469},"{type:позиция,номер:4,sys_id:2580}",{sys_id:1330}
{sys_id:2475},"{type:позиция,номер:4,sys_id:2597}",{sys_id:1330}
{sys_id:2505},"{type:позиция,номер:4,sys_id:1869}",{sys_id:1330}
{sys_id:2507},"{type:позиция,номер:4,sys_id:2572}",{sys_id:1330}
{sys_id:2478},"{type:позиция,номер:3,sys_id:2656}",{sys_id:1330}
{sys_id:2452},"{type:позиция,номер:3,sys_id:2306}",{sys_id:1330}
{sys_id:2519},"{type:позиция,номер:4,sys_id:2689}",{sys_id:1330}
{sys_id:2463},"{type:позиция,номер:4,sys_id:3471}",{sys_id:1330}
{sys_id:2544},"{type:позиция,номер:3,sys_id:3481}",{sys_id:1330}
{sys_id:490},"{type:позиция,номер:2,sys_id:2294}",{sys_id:1330}
{sys_id:2545},"{type:позиция,номер:3,sys_id:2506}",{sys_id:1330}
{sys_id:444},"{type:позиция,номер:4,sys_id:2740}",{sys_id:1330}
{sys_id:2591},"{type:позиция,номер:4,sys_id:2770}",{sys_id:1330}
{sys_id:2595},"{type:позиция,номер:4,sys_id:2855}",{sys_id:1330}
{sys_id:2542},"{type:позиция,номер:4,sys_id:2782}",{sys_id:1330}
{sys_id:2600},"{type:позиция,номер:4,sys_id:2903}",{sys_id:1330}
{sys_id:2582},"{type:позиция,номер:3,sys_id:2952}",{sys_id:1330}
{sys_id:3184},"{type:принадлежит,sys_id:2611}",{sys_id:1330}
{sys_id:1330},"{type:имеет,sys_id:2405}",{sys_id:1331}
{sys_id:3124},"{type:позиция,номер:2,sys_id:591}",{sys_id:1332}
{sys_id:3002},"{type:позиция,номер:1,sys_id:303}",{sys_id:1332}
{sys_id:2989},"{type:позиция,номер:2,sys_id:270}",{sys_id:1332}
{sys_id:2980},"{type:позиция,номер:3,sys_id:165}",{sys_id:1332}
{sys_id:2515},"{type:позиция,номер:3,sys_id:2231}",{sys_id:1332}
{sys_id:2860},"{type:позиция,номер:2,sys_id:2098}",{sys_id:1332}
{sys_id:2897},"{type:позиция,номер:3,sys_id:2121}",{sys_id:1332}
{sys_id:2896},"{type:позиция,номер:2,sys_id:2112}",{sys_id:1332}
{sys_id:2509},"{type:позиция,номер:3,sys_id:2129}",{sys_id:1332}
{sys_id:2895},"{type:позиция,номер:1,sys_id:2647}",{sys_id:1332}
{sys_id:2894},"{type:позиция,номер:1,sys_id:1780}",{sys_id:1332}
{sys_id:2884},"{type:позиция,номер:2,sys_id:1853}",{sys_id:1332}
{sys_id:2669},"{type:позиция,номер:2,sys_id:1835}",{sys_id:1332}
{sys_id:2880},"{type:позиция,номер:3,sys_id:1814}",{sys_id:1332}
{sys_id:2877},"{type:позиция,номер:1,sys_id:1793}",{sys_id:1332}
{sys_id:2892},"{type:позиция,номер:2,sys_id:1688}",{sys_id:1332}
{sys_id:2872},"{type:позиция,номер:2,sys_id:1749}",{sys_id:1332}
{sys_id:2870},"{type:позиция,номер:2,sys_id:1681}",{sys_id:1332}
{sys_id:2818},"{type:позиция,номер:2,sys_id:1732}",{sys_id:1332}
{sys_id:2817},"{type:позиция,номер:2,sys_id:1723}",{sys_id:1332}
{sys_id:2815},"{type:позиция,номер:2,sys_id:1570}",{sys_id:1332}
{sys_id:2830},"{type:позиция,номер:2,sys_id:1667}",{sys_id:1332}
{sys_id:2828},"{type:позиция,номер:2,sys_id:1611}",{sys_id:1332}
{sys_id:2840},"{type:позиция,номер:2,sys_id:1631}",{sys_id:1332}
{sys_id:2838},"{type:позиция,номер:2,sys_id:1617}",{sys_id:1332}
{sys_id:2822},"{type:позиция,номер:2,sys_id:1533}",{sys_id:1332}
{sys_id:2834},"{type:позиция,номер:2,sys_id:1583}",{sys_id:1332}
{sys_id:2808},"{type:позиция,номер:3,sys_id:1510}",{sys_id:1332}
{sys_id:2775},"{type:позиция,номер:3,sys_id:1543}",{sys_id:1332}
{sys_id:2804},"{type:позиция,номер:3,sys_id:1460}",{sys_id:1332}
{sys_id:2767},"{type:позиция,номер:2,sys_id:1433}",{sys_id:1332}
{sys_id:2738},"{type:позиция,номер:3,sys_id:1340}",{sys_id:1332}
{sys_id:2761},"{type:позиция,номер:2,sys_id:1394}",{sys_id:1332}
{sys_id:2757},"{type:позиция,номер:2,sys_id:1371}",{sys_id:1332}
{sys_id:2734},"{type:позиция,номер:3,sys_id:1277}",{sys_id:1332}
{sys_id:2708},"{type:позиция,номер:2,sys_id:1211}",{sys_id:1332}
{sys_id:2702},"{type:позиция,номер:3,sys_id:3404}",{sys_id:1332}
{sys_id:2719},"{type:позиция,номер:2,sys_id:1148}",{sys_id:1332}
{sys_id:2624},"{type:позиция,номер:3,sys_id:3731}",{sys_id:1332}
{sys_id:1340},"{type:позиция,номер:4,sys_id:2413}",{sys_id:1332}
{sys_id:1208},"{type:позиция,номер:3,sys_id:2332}",{sys_id:1332}
{sys_id:1293},"{type:позиция,номер:2,sys_id:2433}",{sys_id:1332}
{sys_id:1343},"{type:позиция,номер:3,sys_id:2422}",{sys_id:1332}
{sys_id:1347},"{type:позиция,номер:1,sys_id:2473}",{sys_id:1332}
{sys_id:470},"{type:позиция,номер:3,sys_id:1899}",{sys_id:1332}
{sys_id:474},"{type:позиция,номер:2,sys_id:1911}",{sys_id:1332}
{sys_id:486},"{type:позиция,номер:3,sys_id:1935}",{sys_id:1332}
{sys_id:3182},"{type:позиция,номер:1,sys_id:3254}",{sys_id:1332}
{sys_id:3186},"{type:позиция,номер:3,sys_id:3409}",{sys_id:1332}
{sys_id:3190},"{type:позиция,номер:3,sys_id:3422}",{sys_id:1332}
{sys_id:3192},"{type:позиция,номер:3,sys_id:3432}",{sys_id:1332}
{sys_id:3223},"{type:позиция,номер:3,sys_id:3323}",{sys_id:1332}
{sys_id:3227},"{type:позиция,номер:3,sys_id:3476}",{sys_id:1332}
{sys_id:3316},"{type:позиция,номер:3,sys_id:3485}",{sys_id:1332}
{sys_id:499},"{type:позиция,номер:2,sys_id:1958}",{sys_id:1332}
{sys_id:3430},"{type:позиция,номер:1,sys_id:3527}",{sys_id:1332}
{sys_id:2437},"{type:позиция,номер:3,sys_id:2247}",{sys_id:1332}
{sys_id:2443},"{type:позиция,номер:2,sys_id:2275}",{sys_id:1332}
{sys_id:2444},"{type:позиция,номер:1,sys_id:2296}",{sys_id:1332}
{sys_id:2499},"{type:позиция,номер:2,sys_id:2502}",{sys_id:1332}
{sys_id:2454},"{type:позиция,номер:2,sys_id:2529}",{sys_id:1332}
{sys_id:2487},"{type:позиция,номер:3,sys_id:2388}",{sys_id:1332}
{sys_id:2469},"{type:позиция,номер:3,sys_id:2579}",{sys_id:1332}
{sys_id:2475},"{type:позиция,номер:3,sys_id:2596}",{sys_id:1332}
{sys_id:2505},"{type:позиция,номер:3,sys_id:1874}",{sys_id:1332}
{sys_id:2507},"{type:позиция,номер:3,sys_id:2571}",{sys_id:1332}
{sys_id:2478},"{type:позиция,номер:2,sys_id:2655}",{sys_id:1332}
{sys_id:2452},"{type:позиция,номер:2,sys_id:2304}",{sys_id:1332}
{sys_id:2519},"{type:позиция,номер:3,sys_id:2688}",{sys_id:1332}
{sys_id:2463},"{type:позиция,номер:3,sys_id:3470}",{sys_id:1332}
{sys_id:2544},"{type:позиция,номер:2,sys_id:3480}",{sys_id:1332}
{sys_id:490},"{type:позиция,номер:1,sys_id:2284}",{sys_id:1332}
{sys_id:2545},"{type:позиция,номер:2,sys_id:2495}",{sys_id:1332}
{sys_id:444},"{type:позиция,номер:3,sys_id:2739}",{sys_id:1332}
{sys_id:2591},"{type:позиция,номер:3,sys_id:2769}",{sys_id:1332}
{sys_id:2595},"{type:позиция,номер:3,sys_id:2854}",{sys_id:1332}
{sys_id:2542},"{type:позиция,номер:3,sys_id:2781}",{sys_id:1332}
{sys_id:2600},"{type:позиция,номер:3,sys_id:2902}",{sys_id:1332}
{sys_id:2582},"{type:позиция,номер:2,sys_id:2951}",{sys_id:1332}
{sys_id:2644},"{type:позиция,номер:3,sys_id:3025}",{sys_id:1332}
{sys_id:2554},"{type:позиция,номер:3,sys_id:2540}",{sys_id:1332}
{sys_id:2633},"{type:позиция,номер:3,sys_id:3121}",{sys_id:1332}
{sys_id:446},"{type:позиция,номер:3,sys_id:3180}",{sys_id:1332}
{sys_id:2671},"{type:позиция,номер:2,sys_id:3199}",{sys_id:1332}
{sys_id:2674},"{type:позиция,номер:2,sys_id:3458}",{sys_id:1332}
{sys_id:2675},"{type:позиция,номер:3,sys_id:3511}",{sys_id:1332}
{sys_id:2620},"{type:позиция,номер:3,sys_id:3662}",{sys_id:1332}
{sys_id:468},"{type:принадлежит,sys_id:1908}",{sys_id:1332}
{sys_id:1332},"{type:имеет,sys_id:2406}",{sys_id:1333}
{sys_id:3124},"{type:позиция,номер:1,sys_id:590}",{sys_id:1334}
{sys_id:2989},"{type:позиция,номер:1,sys_id:249}",{sys_id:1334}
{sys_id:2980},"{type:позиция,номер:2,sys_id:164}",{sys_id:1334}
{sys_id:2515},"{type:позиция,номер:2,sys_id:2230}",{sys_id:1334}
{sys_id:2860},"{type:позиция,номер:1,sys_id:2097}",{sys_id:1334}
{sys_id:2897},"{type:позиция,номер:2,sys_id:2120}",{sys_id:1334}
{sys_id:2896},"{type:позиция,номер:1,sys_id:1889}",{sys_id:1334}
{sys_id:2509},"{type:позиция,номер:2,sys_id:2128}",{sys_id:1334}
{sys_id:2761},"{type:позиция,номер:1,sys_id:1779}",{sys_id:1334}
{sys_id:2884},"{type:позиция,номер:1,sys_id:1852}",{sys_id:1334}
{sys_id:2669},"{type:позиция,номер:1,sys_id:1834}",{sys_id:1334}
{sys_id:2880},"{type:позиция,номер:2,sys_id:1813}",{sys_id:1334}
{sys_id:2892},"{type:позиция,номер:1,sys_id:1713}",{sys_id:1334}
{sys_id:2872},"{type:позиция,номер:1,sys_id:1748}",{sys_id:1334}
{sys_id:2870},"{type:позиция,номер:1,sys_id:1680}",{sys_id:1334}
{sys_id:2818},"{type:позиция,номер:1,sys_id:1731}",{sys_id:1334}
{sys_id:2817},"{type:позиция,номер:1,sys_id:1722}",{sys_id:1334}
{sys_id:2815},"{type:позиция,номер:1,sys_id:1569}",{sys_id:1334}
{sys_id:2830},"{type:позиция,номер:1,sys_id:1666}",{sys_id:1334}
{sys_id:2828},"{type:позиция,номер:1,sys_id:1610}",{sys_id:1334}
{sys_id:2840},"{type:позиция,номер:1,sys_id:1630}",{sys_id:1334}
{sys_id:2838},"{type:позиция,номер:1,sys_id:1616}",{sys_id:1334}
{sys_id:2822},"{type:позиция,номер:1,sys_id:1532}",{sys_id:1334}
{sys_id:2834},"{type:позиция,номер:1,sys_id:1582}",{sys_id:1334}
{sys_id:2808},"{type:позиция,номер:2,sys_id:1509}",{sys_id:1334}
{sys_id:2775},"{type:позиция,номер:2,sys_id:1542}",{sys_id:1334}
{sys_id:2804},"{type:позиция,номер:2,sys_id:1459}",{sys_id:1334}
{sys_id:2767},"{type:позиция,номер:1,sys_id:1432}",{sys_id:1334}
{sys_id:2738},"{type:позиция,номер:2,sys_id:1339}",{sys_id:1334}
{sys_id:2757},"{type:позиция,номер:1,sys_id:1370}",{sys_id:1334}
{sys_id:2734},"{type:позиция,номер:2,sys_id:1276}",{sys_id:1334}
{sys_id:2708},"{type:позиция,номер:1,sys_id:1210}",{sys_id:1334}
{sys_id:2702},"{type:позиция,номер:2,sys_id:3403}",{sys_id:1334}
{sys_id:2719},"{type:позиция,номер:1,sys_id:1147}",{sys_id:1334}
{sys_id:2624},"{type:позиция,номер:2,sys_id:3730}",{sys_id:1334}
{sys_id:2620},"{type:позиция,номер:2,sys_id:3661}",{sys_id:1334}
{sys_id:2675},"{type:позиция,номер:2,sys_id:3510}",{sys_id:1334}
{sys_id:2674},"{type:позиция,номер:1,sys_id:3216}",{sys_id:1334}
{sys_id:2671},"{type:позиция,номер:1,sys_id:3198}",{sys_id:1334}
{sys_id:446},"{type:позиция,номер:2,sys_id:3179}",{sys_id:1334}
{sys_id:2633},"{type:позиция,номер:2,sys_id:3120}",{sys_id:1334}
{sys_id:2554},"{type:позиция,номер:2,sys_id:2516}",{sys_id:1334}
{sys_id:2644},"{type:позиция,номер:2,sys_id:3024}",{sys_id:1334}
{sys_id:1340},"{type:позиция,номер:3,sys_id:2412}",{sys_id:1334}
{sys_id:1208},"{type:позиция,номер:2,sys_id:2331}",{sys_id:1334}
{sys_id:1293},"{type:позиция,номер:1,sys_id:2432}",{sys_id:1334}
{sys_id:1343},"{type:позиция,номер:2,sys_id:2421}",{sys_id:1334}
{sys_id:470},"{type:позиция,номер:2,sys_id:1898}",{sys_id:1334}
{sys_id:474},"{type:позиция,номер:1,sys_id:1910}",{sys_id:1334}
{sys_id:486},"{type:позиция,номер:2,sys_id:1934}",{sys_id:1334}
{sys_id:3186},"{type:позиция,номер:2,sys_id:3408}",{sys_id:1334}
{sys_id:3190},"{type:позиция,номер:2,sys_id:3421}",{sys_id:1334}
{sys_id:3192},"{type:позиция,номер:2,sys_id:3431}",{sys_id:1334}
{sys_id:3223},"{type:позиция,номер:2,sys_id:3322}",{sys_id:1334}
{sys_id:3227},"{type:позиция,номер:2,sys_id:3475}",{sys_id:1334}
{sys_id:3316},"{type:позиция,номер:2,sys_id:3444}",{sys_id:1334}
{sys_id:499},"{type:позиция,номер:1,sys_id:1957}",{sys_id:1334}
{sys_id:2437},"{type:позиция,номер:2,sys_id:2246}",{sys_id:1334}
{sys_id:2443},"{type:позиция,номер:1,sys_id:2274}",{sys_id:1334}
{sys_id:2499},"{type:позиция,номер:1,sys_id:2501}",{sys_id:1334}
{sys_id:2454},"{type:позиция,номер:1,sys_id:2528}",{sys_id:1334}
{sys_id:2487},"{type:позиция,номер:2,sys_id:1875}",{sys_id:1334}
{sys_id:2469},"{type:позиция,номер:2,sys_id:2578}",{sys_id:1334}
{sys_id:2475},"{type:позиция,номер:2,sys_id:2595}",{sys_id:1334}
{sys_id:2505},"{type:позиция,номер:2,sys_id:1873}",{sys_id:1334}
{sys_id:2507},"{type:позиция,номер:2,sys_id:2570}",{sys_id:1334}
{sys_id:2478},"{type:позиция,номер:1,sys_id:2614}",{sys_id:1334}
{sys_id:2452},"{type:позиция,номер:1,sys_id:2303}",{sys_id:1334}
{sys_id:2519},"{type:позиция,номер:2,sys_id:2687}",{sys_id:1334}
{sys_id:2463},"{type:позиция,номер:2,sys_id:3468}",{sys_id:1334}
{sys_id:2544},"{type:позиция,номер:1,sys_id:3473}",{sys_id:1334}
{sys_id:2545},"{type:позиция,номер:1,sys_id:2494}",{sys_id:1334}
{sys_id:444},"{type:позиция,номер:2,sys_id:2738}",{sys_id:1334}
{sys_id:2591},"{type:позиция,номер:2,sys_id:2768}",{sys_id:1334}
{sys_id:2595},"{type:позиция,номер:2,sys_id:2853}",{sys_id:1334}
{sys_id:2542},"{type:позиция,номер:2,sys_id:2780}",{sys_id:1334}
{sys_id:2600},"{type:позиция,номер:2,sys_id:2901}",{sys_id:1334}
{sys_id:2582},"{type:позиция,номер:1,sys_id:2950}",{sys_id:1334}
{sys_id:472},"{type:принадлежит,sys_id:1915}",{sys_id:1334}
{sys_id:1334},"{type:имеет,sys_id:2407}",{sys_id:1335}
{sys_id:2980},"{type:позиция,номер:1,sys_id:163}",{sys_id:1336}
{sys_id:2515},"{type:позиция,номер:1,sys_id:2229}",{sys_id:1336}
{sys_id:2897},"{type:позиция,номер:1,sys_id:2119}",{sys_id:1336}
{sys_id:2509},"{type:позиция,номер:1,sys_id:2654}",{sys_id:1336}
{sys_id:2519},"{type:позиция,номер:1,sys_id:2644}",{sys_id:1336}
{sys_id:2880},"{type:позиция,номер:1,sys_id:1812}",{sys_id:1336}
{sys_id:2808},"{type:позиция,номер:1,sys_id:1508}",{sys_id:1336}
{sys_id:2775},"{type:позиция,номер:1,sys_id:1541}",{sys_id:1336}
{sys_id:2804},"{type:позиция,номер:1,sys_id:1458}",{sys_id:1336}
{sys_id:2738},"{type:позиция,номер:1,sys_id:1338}",{sys_id:1336}
{sys_id:2734},"{type:позиция,номер:1,sys_id:1275}",{sys_id:1336}
{sys_id:2702},"{type:позиция,номер:1,sys_id:3402}",{sys_id:1336}
{sys_id:2624},"{type:позиция,номер:1,sys_id:3729}",{sys_id:1336}
{sys_id:2620},"{type:позиция,номер:1,sys_id:3660}",{sys_id:1336}
{sys_id:2675},"{type:позиция,номер:1,sys_id:3509}",{sys_id:1336}
{sys_id:446},"{type:позиция,номер:1,sys_id:3178}",{sys_id:1336}
{sys_id:1340},"{type:позиция,номер:2,sys_id:2411}",{sys_id:1336}
{sys_id:1208},"{type:позиция,номер:1,sys_id:2330}",{sys_id:1336}
{sys_id:1343},"{type:позиция,номер:1,sys_id:2420}",{sys_id:1336}
{sys_id:470},"{type:позиция,номер:1,sys_id:1897}",{sys_id:1336}
{sys_id:486},"{type:позиция,номер:1,sys_id:1933}",{sys_id:1336}
{sys_id:3186},"{type:позиция,номер:1,sys_id:3407}",{sys_id:1336}
{sys_id:3190},"{type:позиция,номер:1,sys_id:3420}",{sys_id:1336}
{sys_id:3192},"{type:позиция,номер:1,sys_id:3430}",{sys_id:1336}
{sys_id:3223},"{type:позиция,номер:1,sys_id:3321}",{sys_id:1336}
{sys_id:3227},"{type:позиция,номер:1,sys_id:3474}",{sys_id:1336}
{sys_id:3316},"{type:позиция,номер:1,sys_id:3443}",{sys_id:1336}
{sys_id:2437},"{type:позиция,номер:1,sys_id:2245}",{sys_id:1336}
{sys_id:2487},"{type:позиция,номер:1,sys_id:2376}",{sys_id:1336}
{sys_id:2469},"{type:позиция,номер:1,sys_id:2577}",{sys_id:1336}
{sys_id:2475},"{type:позиция,номер:1,sys_id:2594}",{sys_id:1336}
{sys_id:2505},"{type:позиция,номер:1,sys_id:1872}",{sys_id:1336}
{sys_id:2507},"{type:позиция,номер:1,sys_id:2569}",{sys_id:1336}
{sys_id:2463},"{type:позиция,номер:1,sys_id:3467}",{sys_id:1336}
{sys_id:444},"{type:позиция,номер:1,sys_id:2737}",{sys_id:1336}
{sys_id:2591},"{type:позиция,номер:1,sys_id:2767}",{sys_id:1336}
{sys_id:2595},"{type:позиция,номер:1,sys_id:2852}",{sys_id:1336}
{sys_id:2542},"{type:позиция,номер:1,sys_id:2779}",{sys_id:1336}
{sys_id:2600},"{type:позиция,номер:1,sys_id:2900}",{sys_id:1336}
{sys_id:2644},"{type:позиция,номер:1,sys_id:3023}",{sys_id:1336}
{sys_id:2554},"{type:позиция,номер:1,sys_id:2470}",{sys_id:1336}
{sys_id:2633},"{type:позиция,номер:1,sys_id:3119}",{sys_id:1336}
{sys_id:2456},"{type:принадлежит,sys_id:2545}",{sys_id:1336}
{sys_id:1336},"{type:имеет,sys_id:2408}",{sys_id:1337}
{sys_id:1340},"{type:позиция,номер:1,sys_id:2646}",{sys_id:1338}
{sys_id:3225},"{type:принадлежит,sys_id:2672}",{sys_id:1338}
{sys_id:1338},"{type:имеет,sys_id:2409}",{sys_id:1339}
{sys_id:1326},"{type:список,sys_id:2417}",{sys_id:1340}
{sys_id:469},"{type:принадлежит,sys_id:1909}",{sys_id:1345}
{sys_id:2440},"{type:позиция,номер:3,sys_id:3693}",{sys_id:1345}
{sys_id:3500},"{type:позиция,номер:3,sys_id:3697}",{sys_id:1345}
{sys_id:3218},"{type:позиция,номер:4,sys_id:3310}",{sys_id:1345}
{sys_id:3202},"{type:позиция,номер:5,sys_id:3284}",{sys_id:1345}
{sys_id:3198},"{type:позиция,номер:6,sys_id:3272}",{sys_id:1345}
{sys_id:3196},"{type:реферер,номер:7,sys_id:3266}",{sys_id:1345}
{sys_id:1291},"{type:реферал,номер:7,sys_id:2483}",{sys_id:1345}
{sys_id:1348},"{type:кому,номер:7,sys_id:2482}",{sys_id:1345}
{sys_id:1347},"{type:позиция,номер:7,sys_id:2479}",{sys_id:1345}
{sys_id:1345},"{type:имеет,sys_id:2471}",{sys_id:1346}
{sys_id:1345},"{type:список,sys_id:2480}",{sys_id:1347}
{sys_id:1326},"{type:реферал,номер:7,sys_id:2418}",{sys_id:1400}
{sys_id:492},"{type:кому,номер:7,sys_id:1951}",{sys_id:1400}
{sys_id:1246},"{type:принадлежит,номер:7,sys_id:2745}",{sys_id:1400}
{sys_id:444},"{type:позиция,номер:7,sys_id:2743}",{sys_id:1400}
{sys_id:1400},"{type:имеет,sys_id:2735}",{sys_id:1401}
{sys_id:3498},"{type:имеет,sys_id:3397}",{sys_id:2439}
{sys_id:3498},"{type:список,sys_id:2255}",{sys_id:2440}
{sys_id:2767},"{type:позиция,номер:6,sys_id:1437}",{sys_id:2453}
{sys_id:2800},"{type:реферер,sys_id:1449}",{sys_id:2453}
{sys_id:473},"{type:принадлежит,sys_id:1916}",{sys_id:2453}
{sys_id:1326},"{type:реферал,номер:7,sys_id:1946}",{sys_id:2453}
{sys_id:3499},"{type:кому,номер:7,sys_id:3445}",{sys_id:2453}
{sys_id:2463},"{type:позиция,номер:7,sys_id:3426}",{sys_id:2453}
{sys_id:2453},"{type:имеет,sys_id:3391}",{sys_id:2460}
{sys_id:2453},"{type:список,sys_id:3427}",{sys_id:2463}
{sys_id:1342},"{type:принадлежит,sys_id:1920}",{sys_id:2467}
{sys_id:1326},"{type:реферал,номер:7,sys_id:2591}",{sys_id:2467}
{sys_id:2471},"{type:кому,номер:7,sys_id:2588}",{sys_id:2467}
{sys_id:2469},"{type:позиция,номер:7,sys_id:2583}",{sys_id:2467}
{sys_id:2467},"{type:имеет,sys_id:2575}",{sys_id:2468}
{sys_id:2467},"{type:список,sys_id:2585}",{sys_id:2469}
{sys_id:2457},"{type:принадлежит,sys_id:2546}",{sys_id:2473}
{sys_id:1326},"{type:реферал,номер:7,sys_id:2616}",{sys_id:2473}
{sys_id:2491},"{type:кому,номер:7,sys_id:2615}",{sys_id:2473}
{sys_id:2475},"{type:позиция,номер:7,sys_id:2600}",{sys_id:2473}
{sys_id:2473},"{type:имеет,sys_id:2592}",{sys_id:2474}
{sys_id:2473},"{type:список,sys_id:2601}",{sys_id:2475}
{sys_id:2503},"{type:принадлежит,sys_id:2548}",{sys_id:2492}
{sys_id:1326},"{type:реферал,номер:7,sys_id:2568}",{sys_id:2492}
{sys_id:2506},"{type:кому,номер:7,sys_id:2567}",{sys_id:2492}
{sys_id:2505},"{type:позиция,номер:7,sys_id:2563}",{sys_id:2492}
{sys_id:2492},"{type:имеет,sys_id:2617}",{sys_id:2493}
{sys_id:2757},"{type:позиция,номер:6,sys_id:1375}",{sys_id:2495}
{sys_id:2717},"{type:реферер,sys_id:1387}",{sys_id:2495}
{sys_id:3185},"{type:принадлежит,sys_id:2659}",{sys_id:2495}
{sys_id:1326},"{type:реферал,номер:7,sys_id:2639}",{sys_id:2495}
{sys_id:2508},"{type:кому,номер:7,sys_id:2638}",{sys_id:2495}
{sys_id:2507},"{type:позиция,номер:7,sys_id:2635}",{sys_id:2495}
{sys_id:2495},"{type:имеет,sys_id:2625}",{sys_id:2496}
{sys_id:2492},"{type:список,sys_id:2564}",{sys_id:2505}
{sys_id:2495},"{type:список,sys_id:2636}",{sys_id:2507}
{sys_id:2933},"{type:список,sys_id:2134}",{sys_id:2509}
{sys_id:1326},"{type:реферал,номер:7,sys_id:2138}",{sys_id:2511}
{sys_id:2510},"{type:принадлежит,номер:7,sys_id:2126}",{sys_id:2511}
{sys_id:2897},"{type:позиция,номер:7,sys_id:2125}",{sys_id:2511}
{sys_id:2511},"{type:имеет,sys_id:2135}",{sys_id:2512}
{sys_id:2865},"{type:список,sys_id:2236}",{sys_id:2515}
{sys_id:442},"{type:список,sys_id:2693}",{sys_id:2519}
{sys_id:1326},"{type:реферал,номер:7,sys_id:2876}",{sys_id:2523}
{sys_id:443},"{type:кому,номер:7,sys_id:2875}",{sys_id:2523}
{sys_id:494},"{type:принадлежит,номер:7,sys_id:2789}",{sys_id:2523}
{sys_id:2542},"{type:позиция,номер:7,sys_id:2785}",{sys_id:2523}
{sys_id:2525},"{sys_id:3294,_id:EPym2t,type:принадлежит,updated:1542556275720.0,created:1542556275720.0}",{sys_id:2525}
{sys_id:2525},"{sys_id:3293,_id:eTkJDV,type:реферер,updated:1542556275717.0,created:1542556275717.0}",{sys_id:2525}
{sys_id:2525},"{sys_id:3343,_id:KKLPZb,type:реферал,updated:1542556275724.0,created:1542556275724.0}",{sys_id:2525}
{sys_id:2523},"{type:имеет,sys_id:2777}",{sys_id:2541}
{sys_id:2523},"{type:список,sys_id:2698}",{sys_id:2542}
{sys_id:1326},"{type:реферал,номер:7,sys_id:3087}",{sys_id:2552}
{sys_id:2651},"{type:кому,номер:7,sys_id:3086}",{sys_id:2552}
{sys_id:2549},"{type:принадлежит,номер:7,sys_id:3082}",{sys_id:2552}
{sys_id:2554},"{type:позиция,номер:7,sys_id:2721}",{sys_id:2552}
{sys_id:2552},"{type:имеет,sys_id:2427}",{sys_id:2553}
{sys_id:2552},"{type:список,sys_id:2722}",{sys_id:2554}
{sys_id:1326},"{type:реферал,номер:7,sys_id:2870}",{sys_id:2572}
{sys_id:2597},"{type:кому,номер:7,sys_id:2869}",{sys_id:2572}
{sys_id:2571},"{type:принадлежит,номер:7,sys_id:2863}",{sys_id:2572}
{sys_id:2595},"{type:позиция,номер:7,sys_id:2858}",{sys_id:2572}
{sys_id:2572},"{type:имеет,sys_id:2832}",{sys_id:2573}
{sys_id:3194},"{type:реферал,номер:7,sys_id:2983}",{sys_id:2580}
{sys_id:2583},"{type:кому,номер:7,sys_id:2961}",{sys_id:2580}
{sys_id:2582},"{type:позиция,номер:7,sys_id:2956}",{sys_id:2580}
{sys_id:2580},"{type:имеет,sys_id:2948}",{sys_id:2581}
{sys_id:2580},"{type:список,sys_id:2957}",{sys_id:2582}
{sys_id:1326},"{type:реферал,номер:7,sys_id:2796}",{sys_id:2589}
{sys_id:2592},"{type:кому,номер:7,sys_id:2820}",{sys_id:2589}
{sys_id:2539},"{type:принадлежит,номер:7,sys_id:2817}",{sys_id:2589}
{sys_id:2591},"{type:позиция,номер:7,sys_id:2813}",{sys_id:2589}
{sys_id:2589},"{type:имеет,sys_id:2765}",{sys_id:2590}
{sys_id:2589},"{type:список,sys_id:2814}",{sys_id:2591}
{sys_id:2572},"{type:список,sys_id:2859}",{sys_id:2595}
{sys_id:1326},"{type:реферал,номер:7,sys_id:2846}",{sys_id:2598}
{sys_id:2577},"{type:кому,номер:7,sys_id:2845}",{sys_id:2598}
{sys_id:2576},"{type:принадлежит,номер:7,sys_id:2909}",{sys_id:2598}
{sys_id:2600},"{type:позиция,номер:7,sys_id:2906}",{sys_id:2598}
{sys_id:2598},"{type:имеет,sys_id:2898}",{sys_id:2599}
{sys_id:2598},"{type:список,sys_id:2907}",{sys_id:2600}
{sys_id:1326},"{type:реферал,номер:7,sys_id:3533}",{sys_id:2618}
{sys_id:2621},"{type:кому,номер:7,sys_id:3546}",{sys_id:2618}
{sys_id:2617},"{type:принадлежит,номер:7,sys_id:3687}",{sys_id:2618}
{sys_id:2620},"{type:позиция,номер:7,sys_id:3666}",{sys_id:2618}
{sys_id:2618},"{type:имеет,sys_id:3658}",{sys_id:2619}
{sys_id:2618},"{type:список,sys_id:3530}",{sys_id:2620}
{sys_id:2697},"{type:список,sys_id:3736}",{sys_id:2624}
{sys_id:442},"{type:реферал,номер:7,sys_id:3401}",{sys_id:2626}
{sys_id:2720},"{type:кому,номер:7,sys_id:1160}",{sys_id:2626}
{sys_id:2625},"{type:принадлежит,номер:7,sys_id:1156}",{sys_id:2626}
{sys_id:2719},"{type:позиция,номер:7,sys_id:1153}",{sys_id:2626}
{sys_id:2626},"{type:имеет,sys_id:3738}",{sys_id:2627}
{sys_id:2654},"{type:список,sys_id:3126}",{sys_id:2633}
{sys_id:1326},"{type:реферал,номер:7,sys_id:3145}",{sys_id:2639}
{sys_id:2613},"{type:кому,номер:7,sys_id:3144}",{sys_id:2639}
{sys_id:2586},"{type:принадлежит,номер:7,sys_id:3140}",{sys_id:2639}
{sys_id:446},"{type:позиция,номер:7,sys_id:3184}",{sys_id:2639}
{sys_id:3124},"{type:позиция,номер:6,sys_id:595}",{sys_id:2642}
{sys_id:3093},"{type:реферер,sys_id:520}",{sys_id:2642}
{sys_id:2708},"{type:позиция,номер:6,sys_id:1215}",{sys_id:2642}
{sys_id:2678},"{type:реферер,sys_id:3554}",{sys_id:2642}
{sys_id:2671},"{type:позиция,номер:6,sys_id:3203}",{sys_id:2642}
{sys_id:2680},"{type:реферер,sys_id:3225}",{sys_id:2642}
{sys_id:1326},"{type:реферал,номер:7,sys_id:3049}",{sys_id:2642}
{sys_id:2561},"{type:кому,номер:7,sys_id:3048}",{sys_id:2642}
{sys_id:2641},"{type:принадлежит,номер:7,sys_id:2979}",{sys_id:2642}
{sys_id:2644},"{type:позиция,номер:7,sys_id:3029}",{sys_id:2642}
{sys_id:2642},"{type:имеет,sys_id:3021}",{sys_id:2643}
{sys_id:2642},"{type:список,sys_id:2976}",{sys_id:2644}
{sys_id:1326},"{type:реферал,номер:7,sys_id:3133}",{sys_id:2654}
{sys_id:2634},"{type:кому,номер:7,sys_id:3132}",{sys_id:2654}
{sys_id:2653},"{type:принадлежит,номер:7,sys_id:3127}",{sys_id:2654}
{sys_id:2633},"{type:позиция,номер:7,sys_id:3125}",{sys_id:2654}
{sys_id:2654},"{type:имеет,sys_id:3099}",{sys_id:2655}
{sys_id:2781},"{type:реферал,номер:7,sys_id:1804}",{sys_id:2661}
{sys_id:2878},"{type:кому,номер:7,sys_id:1802}",{sys_id:2661}
{sys_id:2660},"{type:принадлежит,номер:7,sys_id:2557}",{sys_id:2661}
{sys_id:2877},"{type:позиция,номер:7,sys_id:1799}",{sys_id:2661}
{sys_id:2661},"{type:имеет,sys_id:2555}",{sys_id:2662}
{sys_id:1326},"{type:реферал,номер:7,sys_id:1821}",{sys_id:2665}
{sys_id:2664},"{type:принадлежит,номер:7,sys_id:1820}",{sys_id:2665}
{sys_id:2880},"{type:позиция,номер:7,sys_id:1818}",{sys_id:2665}
{sys_id:2665},"{type:имеет,sys_id:3096}",{sys_id:2666}
{sys_id:2680},"{type:список,sys_id:3205}",{sys_id:2671}
{sys_id:2686},"{type:список,sys_id:3464}",{sys_id:2674}
{sys_id:2691},"{type:список,sys_id:3516}",{sys_id:2675}
{sys_id:2642},"{type:реферал,номер:7,sys_id:1221}",{sys_id:2678}
{sys_id:2741},"{type:кому,номер:7,sys_id:3557}",{sys_id:2678}
{sys_id:2707},"{type:принадлежит,номер:7,sys_id:1219}",{sys_id:2678}
{sys_id:2708},"{type:позиция,номер:7,sys_id:1216}",{sys_id:2678}
{sys_id:2642},"{type:реферал,номер:7,sys_id:3232}",{sys_id:2680}
{sys_id:2682},"{type:кому,номер:7,sys_id:3231}",{sys_id:2680}
{sys_id:2679},"{type:принадлежит,номер:7,sys_id:3229}",{sys_id:2680}
{sys_id:2671},"{type:позиция,номер:7,sys_id:3204}",{sys_id:2680}
{sys_id:2680},"{type:имеет,sys_id:3224}",{sys_id:2681}
{sys_id:442},"{type:реферал,номер:7,sys_id:3244}",{sys_id:2686}
{sys_id:2688},"{type:кому,номер:7,sys_id:3243}",{sys_id:2686}
{sys_id:2685},"{type:принадлежит,номер:7,sys_id:3241}",{sys_id:2686}
{sys_id:2674},"{type:позиция,номер:7,sys_id:3463}",{sys_id:2686}
{sys_id:2686},"{type:имеет,sys_id:3239}",{sys_id:2687}
{sys_id:2895},"{type:позиция,номер:5,sys_id:2651}",{sys_id:2691}
{sys_id:2894},"{type:позиция,номер:5,sys_id:1784}",{sys_id:2691}
{sys_id:2877},"{type:позиция,номер:5,sys_id:1797}",{sys_id:2691}
{sys_id:2761},"{type:позиция,номер:6,sys_id:1398}",{sys_id:2691}
{sys_id:2781},"{type:реферер,sys_id:1408}",{sys_id:2691}
{sys_id:1326},"{type:реферал,номер:7,sys_id:3518}",{sys_id:2691}
{sys_id:2693},"{type:кому,номер:7,sys_id:3457}",{sys_id:2691}
{sys_id:2690},"{type:принадлежит,номер:7,sys_id:3517}",{sys_id:2691}
{sys_id:2675},"{type:позиция,номер:7,sys_id:3515}",{sys_id:2691}
{sys_id:2691},"{type:имеет,sys_id:3451}",{sys_id:2692}
{sys_id:1326},"{type:реферал,номер:7,sys_id:3737}",{sys_id:2697}
{sys_id:2699},"{type:кому,номер:7,sys_id:3542}",{sys_id:2697}
{sys_id:2696},"{type:принадлежит,номер:7,sys_id:3540}",{sys_id:2697}
{sys_id:2624},"{type:позиция,номер:7,sys_id:3735}",{sys_id:2697}
{sys_id:2697},"{type:имеет,sys_id:3538}",{sys_id:2698}
{sys_id:2723},"{type:список,sys_id:1168}",{sys_id:2702}
{sys_id:2678},"{type:список,sys_id:1217}",{sys_id:2708}
{sys_id:2495},"{type:реферал,номер:7,sys_id:1392}",{sys_id:2717}
{sys_id:2760},"{type:кому,номер:7,sys_id:1391}",{sys_id:2717}
{sys_id:2716},"{type:принадлежит,номер:7,sys_id:1379}",{sys_id:2717}
{sys_id:2757},"{type:позиция,номер:7,sys_id:1376}",{sys_id:2717}
{sys_id:2717},"{type:имеет,sys_id:1366}",{sys_id:2718}
{sys_id:2626},"{type:список,sys_id:1154}",{sys_id:2719}
{sys_id:1326},"{type:реферал,номер:7,sys_id:1172}",{sys_id:2723}
{sys_id:2725},"{type:кому,номер:7,sys_id:1170}",{sys_id:2723}
{sys_id:2722},"{type:принадлежит,номер:7,sys_id:1140}",{sys_id:2723}
{sys_id:2702},"{type:позиция,номер:7,sys_id:1139}",{sys_id:2723}
{sys_id:2723},"{type:имеет,sys_id:1166}",{sys_id:2724}
{sys_id:2798},"{type:имеет,sys_id:224}",{sys_id:2730}
{sys_id:1326},"{type:реферал,номер:7,sys_id:1328}",{sys_id:2732}
{sys_id:2735},"{type:кому,номер:7,sys_id:1327}",{sys_id:2732}
{sys_id:2731},"{type:принадлежит,номер:7,sys_id:1283}",{sys_id:2732}
{sys_id:2734},"{type:позиция,номер:7,sys_id:1281}",{sys_id:2732}
{sys_id:2732},"{type:имеет,sys_id:1273}",{sys_id:2733}
{sys_id:2732},"{type:список,sys_id:1282}",{sys_id:2734}
{sys_id:2763},"{type:список,sys_id:1792}",{sys_id:2738}
{sys_id:2678},"{type:имеет,sys_id:3553}",{sys_id:2739}
{sys_id:2717},"{type:список,sys_id:1378}",{sys_id:2757}
{sys_id:2781},"{type:список,sys_id:1790}",{sys_id:2761}
{sys_id:1326},"{type:реферал,номер:7,sys_id:1447}",{sys_id:2763}
{sys_id:2765},"{type:кому,номер:7,sys_id:1404}",{sys_id:2763}
{sys_id:2762},"{type:принадлежит,номер:7,sys_id:1346}",{sys_id:2763}
{sys_id:2738},"{type:позиция,номер:7,sys_id:1344}",{sys_id:2763}
{sys_id:2800},"{type:список,sys_id:1439}",{sys_id:2767}
{sys_id:2798},"{type:список,sys_id:1791}",{sys_id:2775}
{sys_id:2895},"{type:позиция,номер:6,sys_id:2652}",{sys_id:2781}
{sys_id:2894},"{type:позиция,номер:6,sys_id:2692}",{sys_id:2781}
{sys_id:2888},"{type:реферер,sys_id:1888}",{sys_id:2781}
{sys_id:2877},"{type:позиция,номер:6,sys_id:1798}",{sys_id:2781}
{sys_id:2661},"{type:реферер,sys_id:2556}",{sys_id:2781}
{sys_id:2691},"{type:реферал,номер:7,sys_id:1413}",{sys_id:2781}
{sys_id:2783},"{type:кому,номер:7,sys_id:1411}",{sys_id:2781}
{sys_id:2780},"{type:принадлежит,номер:7,sys_id:1400}",{sys_id:2781}
{sys_id:2761},"{type:позиция,номер:7,sys_id:1399}",{sys_id:2781}
{sys_id:2781},"{type:имеет,sys_id:1475}",{sys_id:2782}
{sys_id:2860},"{type:позиция,номер:6,sys_id:2102}",{sys_id:2787}
{sys_id:2858},"{type:реферер,sys_id:2096}",{sys_id:2787}
{sys_id:1326},"{type:реферал,номер:7,sys_id:1494}",{sys_id:2787}
{sys_id:2770},"{type:кому,номер:7,sys_id:1489}",{sys_id:2787}
{sys_id:2786},"{type:принадлежит,номер:7,sys_id:1485}",{sys_id:2787}
{sys_id:2804},"{type:позиция,номер:7,sys_id:1464}",{sys_id:2787}
{sys_id:2787},"{type:имеет,sys_id:1426}",{sys_id:2788}
{sys_id:2874},"{type:имеет,sys_id:1771}",{sys_id:2792}
{sys_id:1326},"{type:реферал,номер:7,sys_id:1527}",{sys_id:2798}
{sys_id:2791},"{type:кому,номер:7,sys_id:1525}",{sys_id:2798}
{sys_id:2797},"{type:принадлежит,номер:7,sys_id:1478}",{sys_id:2798}
{sys_id:2775},"{type:позиция,номер:7,sys_id:1547}",{sys_id:2798}
{sys_id:2453},"{type:реферал,номер:7,sys_id:1453}",{sys_id:2800}
{sys_id:2769},"{type:кому,номер:7,sys_id:1446}",{sys_id:2800}
{sys_id:2799},"{type:принадлежит,номер:7,sys_id:1444}",{sys_id:2800}
{sys_id:2767},"{type:позиция,номер:7,sys_id:1438}",{sys_id:2800}
{sys_id:2800},"{type:имеет,sys_id:1448}",{sys_id:2801}
{sys_id:2787},"{type:список,sys_id:1465}",{sys_id:2804}
{sys_id:1326},"{type:реферал,номер:7,sys_id:1557}",{sys_id:2806}
{sys_id:2810},"{type:кому,номер:7,sys_id:1520}",{sys_id:2806}
{sys_id:2805},"{type:принадлежит,номер:7,sys_id:1555}",{sys_id:2806}
{sys_id:2808},"{type:позиция,номер:7,sys_id:1514}",{sys_id:2806}
{sys_id:2806},"{type:имеет,sys_id:1506}",{sys_id:2807}
{sys_id:2806},"{type:список,sys_id:1516}",{sys_id:2808}
{sys_id:2846},"{type:список,sys_id:1576}",{sys_id:2815}
{sys_id:2848},"{type:список,sys_id:1729}",{sys_id:2817}
{sys_id:2851},"{type:список,sys_id:1714}",{sys_id:2818}
{sys_id:2834},"{type:позиция,номер:7,sys_id:1588}",{sys_id:2820}
{sys_id:2820},"{type:имеет,sys_id:1530}",{sys_id:2821}
{sys_id:2835},"{type:список,sys_id:1581}",{sys_id:2822}
{sys_id:3194},"{type:реферал,номер:7,sys_id:1627}",{sys_id:2824}
{sys_id:2839},"{type:кому,номер:7,sys_id:1625}",{sys_id:2824}
{sys_id:2838},"{type:позиция,номер:7,sys_id:1622}",{sys_id:2824}
{sys_id:2824},"{type:имеет,sys_id:1602}",{sys_id:2825}
{sys_id:3194},"{type:реферал,номер:7,sys_id:1641}",{sys_id:2826}
{sys_id:2841},"{type:кому,номер:7,sys_id:1640}",{sys_id:2826}
{sys_id:2840},"{type:позиция,номер:7,sys_id:1636}",{sys_id:2826}
{sys_id:2826},"{type:имеет,sys_id:1608}",{sys_id:2827}
{sys_id:2842},"{type:список,sys_id:1657}",{sys_id:2828}
{sys_id:2844},"{type:список,sys_id:1673}",{sys_id:2830}
{sys_id:3194},"{type:реферал,номер:7,sys_id:1691}",{sys_id:2832}
{sys_id:2871},"{type:кому,номер:7,sys_id:1690}",{sys_id:2832}
{sys_id:2870},"{type:позиция,номер:7,sys_id:1686}",{sys_id:2832}
{sys_id:2832},"{type:имеет,sys_id:1678}",{sys_id:2833}
{sys_id:2820},"{type:список,sys_id:1589}",{sys_id:2834}
{sys_id:3194},"{type:реферал,номер:7,sys_id:1592}",{sys_id:2835}
{sys_id:2823},"{type:кому,номер:7,sys_id:1600}",{sys_id:2835}
{sys_id:2819},"{type:принадлежит,номер:7,sys_id:1597}",{sys_id:2835}
{sys_id:2822},"{type:позиция,номер:7,sys_id:1476}",{sys_id:2835}
{sys_id:2835},"{type:имеет,sys_id:1590}",{sys_id:2836}
{sys_id:2824},"{type:список,sys_id:1623}",{sys_id:2838}
{sys_id:2826},"{type:список,sys_id:1637}",{sys_id:2840}
{sys_id:3194},"{type:реферал,номер:7,sys_id:1661}",{sys_id:2842}
{sys_id:2829},"{type:кому,номер:7,sys_id:1660}",{sys_id:2842}
{sys_id:2828},"{type:позиция,номер:7,sys_id:1656}",{sys_id:2842}
{sys_id:2842},"{type:имеет,sys_id:1646}",{sys_id:2843}
{sys_id:3194},"{type:реферал,номер:7,sys_id:1650}",{sys_id:2844}
{sys_id:2831},"{type:кому,номер:7,sys_id:1676}",{sys_id:2844}
{sys_id:2830},"{type:позиция,номер:7,sys_id:1672}",{sys_id:2844}
{sys_id:2844},"{type:имеет,sys_id:1648}",{sys_id:2845}
{sys_id:3194},"{type:реферал,номер:7,sys_id:1717}",{sys_id:2846}
{sys_id:2816},"{type:кому,номер:7,sys_id:1716}",{sys_id:2846}
{sys_id:2815},"{type:позиция,номер:7,sys_id:1575}",{sys_id:2846}
{sys_id:2846},"{type:имеет,sys_id:1694}",{sys_id:2847}
{sys_id:3194},"{type:реферал,номер:7,sys_id:1700}",{sys_id:2848}
{sys_id:2850},"{type:кому,номер:7,sys_id:1699}",{sys_id:2848}
{sys_id:2817},"{type:позиция,номер:7,sys_id:1728}",{sys_id:2848}
{sys_id:2848},"{type:имеет,sys_id:1696}",{sys_id:2849}
{sys_id:3194},"{type:реферал,номер:7,sys_id:1736}",{sys_id:2851}
{sys_id:2778},"{type:кому,номер:7,sys_id:1735}",{sys_id:2851}
{sys_id:2818},"{type:позиция,номер:7,sys_id:1674}",{sys_id:2851}
{sys_id:2851},"{type:имеет,sys_id:1705}",{sys_id:2852}
{sys_id:2896},"{type:позиция,номер:7,sys_id:2117}",{sys_id:2854}
{sys_id:442},"{type:реферал,номер:7,sys_id:1982}",{sys_id:2854}
{sys_id:2853},"{type:принадлежит,номер:7,sys_id:1981}",{sys_id:2854}
{sys_id:2854},"{type:имеет,sys_id:1977}",{sys_id:2855}
{sys_id:2787},"{type:реферал,номер:7,sys_id:2202}",{sys_id:2858}
{sys_id:2857},"{type:принадлежит,номер:7,sys_id:2199}",{sys_id:2858}
{sys_id:2860},"{type:позиция,номер:7,sys_id:2103}",{sys_id:2858}
{sys_id:2858},"{type:имеет,sys_id:2095}",{sys_id:2859}
{sys_id:2858},"{type:список,sys_id:2198}",{sys_id:2860}
{sys_id:1326},"{type:реферал,номер:7,sys_id:115}",{sys_id:2865}
{sys_id:2864},"{type:принадлежит,номер:7,sys_id:2237}",{sys_id:2865}
{sys_id:2515},"{type:позиция,номер:7,sys_id:2235}",{sys_id:2865}
{sys_id:2865},"{type:имеет,sys_id:2243}",{sys_id:2866}
{sys_id:2832},"{type:список,sys_id:1687}",{sys_id:2870}
{sys_id:2890},"{type:список,sys_id:1755}",{sys_id:2872}
{sys_id:2884},"{type:позиция,номер:7,sys_id:1858}",{sys_id:2874}
{sys_id:2669},"{type:позиция,номер:7,sys_id:1840}",{sys_id:2874}
{sys_id:3194},"{type:реферал,номер:7,sys_id:1785}",{sys_id:2874}
{sys_id:2893},"{type:кому,номер:7,sys_id:1774}",{sys_id:2874}
{sys_id:2579},"{type:принадлежит,номер:7,sys_id:1772}",{sys_id:2874}
{sys_id:2892},"{type:позиция,номер:7,sys_id:1770}",{sys_id:2874}
{sys_id:2661},"{type:список,sys_id:1800}",{sys_id:2877}
{sys_id:2665},"{type:список,sys_id:1819}",{sys_id:2880}
{sys_id:2874},"{type:список,sys_id:1863}",{sys_id:2884}
{sys_id:2895},"{type:позиция,номер:7,sys_id:2653}",{sys_id:2888}
{sys_id:2894},"{type:позиция,номер:7,sys_id:1979}",{sys_id:2888}
{sys_id:2781},"{type:реферал,номер:7,sys_id:1890}",{sys_id:2888}
{sys_id:2887},"{type:принадлежит,номер:7,sys_id:1744}",{sys_id:2888}
{sys_id:2888},"{type:имеет,sys_id:1887}",{sys_id:2889}
{sys_id:3194},"{type:реферал,номер:7,sys_id:1759}",{sys_id:2890}
{sys_id:2873},"{type:кому,номер:7,sys_id:1758}",{sys_id:2890}
{sys_id:2872},"{type:позиция,номер:7,sys_id:1754}",{sys_id:2890}
{sys_id:2890},"{type:имеет,sys_id:1709}",{sys_id:2891}
{sys_id:2888},"{type:список,sys_id:2020}",{sys_id:2895}
{sys_id:2854},"{type:список,sys_id:2118}",{sys_id:2896}
{sys_id:2511},"{type:список,sys_id:2137}",{sys_id:2897}
{sys_id:2509},"{type:позиция,номер:7,sys_id:2133}",{sys_id:2933}
{sys_id:1326},"{type:реферал,номер:7,sys_id:2034}",{sys_id:2933}
{sys_id:2932},"{type:принадлежит,номер:7,sys_id:2410}",{sys_id:2933}
{sys_id:2933},"{type:имеет,sys_id:2018}",{sys_id:2934}
{sys_id:2948},"{sys_id:2168,_id:raHle6,type:реферал,updated:1542556400149.0,created:1542556400149.0}",{sys_id:2948}
{sys_id:2948},"{sys_id:2169,_id:PiTCXR,type:реферал,updated:1542556400155.0,created:1542556400155.0}",{sys_id:2948}
{sys_id:2948},"{sys_id:2170,_id:3vuUOM,type:реферал,updated:1542556400156.0,created:1542556400156.0}",{sys_id:2948}
{sys_id:2948},"{sys_id:2171,_id:9rVoIq,type:реферер,updated:1542556400150.0,created:1542556400150.0}",{sys_id:2948}
{sys_id:2948},"{sys_id:2172,_id:6ouicd,type:принадлежит,updated:1542556400147.0,created:1542556400147.0}",{sys_id:2948}
{sys_id:2948},"{sys_id:2173,_id:WqGQJD,type:принадлежит,updated:1542556400152.0,created:1542556400152.0}",{sys_id:2948}
{sys_id:2948},"{sys_id:2166,invated:1000.0,_id:notZmL,type:реферер,updated:1542556400145.0,created:1542556400145.0}",{sys_id:2948}
{sys_id:2948},"{sys_id:2167,_id:fukez4,type:принадлежит,updated:1542556400146.0,created:1542556400146.0}",{sys_id:2948}
{sys_id:1326},"{type:реферал,номер:7,sys_id:190}",{sys_id:2953}
{sys_id:2949},"{type:принадлежит,номер:7,sys_id:171}",{sys_id:2953}
{sys_id:2980},"{type:позиция,номер:7,sys_id:169}",{sys_id:2953}
{sys_id:2953},"{type:имеет,sys_id:148}",{sys_id:2966}
{sys_id:3567},"{type:позиция,номер:6,sys_id:3785}",{sys_id:2972}
{sys_id:3565},"{type:реферер,sys_id:3779}",{sys_id:2972}
{sys_id:2992},"{type:позиция,номер:5,sys_id:421}",{sys_id:2972}
{sys_id:2990},"{type:позиция,номер:5,sys_id:286}",{sys_id:2972}
{sys_id:3019},"{type:позиция,номер:6,sys_id:326}",{sys_id:2972}
{sys_id:2977},"{type:реферер,sys_id:320}",{sys_id:2972}
{sys_id:2999},"{type:реферал,номер:7,sys_id:311}",{sys_id:2972}
{sys_id:2971},"{type:принадлежит,номер:7,sys_id:331}",{sys_id:2972}
{sys_id:3002},"{type:позиция,номер:7,sys_id:309}",{sys_id:2972}
{sys_id:2972},"{type:имеет,sys_id:209}",{sys_id:2973}
{sys_id:2992},"{type:позиция,номер:6,sys_id:422}",{sys_id:2977}
{sys_id:3050},"{type:реферер,sys_id:458}",{sys_id:2977}
{sys_id:2990},"{type:позиция,номер:6,sys_id:287}",{sys_id:2977}
{sys_id:3006},"{type:реферер,sys_id:346}",{sys_id:2977}
{sys_id:2972},"{type:реферал,номер:7,sys_id:329}",{sys_id:2977}
{sys_id:2976},"{type:принадлежит,номер:7,sys_id:328}",{sys_id:2977}
{sys_id:3019},"{type:позиция,номер:7,sys_id:327}",{sys_id:2977}
{sys_id:2953},"{type:список,sys_id:170}",{sys_id:2980}
{sys_id:2999},"{type:список,sys_id:269}",{sys_id:2989}
{sys_id:3006},"{type:список,sys_id:347}",{sys_id:2990}
{sys_id:3050},"{type:список,sys_id:459}",{sys_id:2992}
{sys_id:3084},"{type:раздел,sys_id:504}",{sys_id:2995}
{sys_id:3083},"{type:раздел,sys_id:502}",{sys_id:2995}
{sys_id:3082},"{type:раздел,sys_id:500}",{sys_id:2995}
{sys_id:3081},"{type:раздел,sys_id:498}",{sys_id:2995}
{sys_id:3080},"{type:раздел,sys_id:496}",{sys_id:2995}
{sys_id:3079},"{type:раздел,sys_id:494}",{sys_id:2995}
{sys_id:3567},"{type:позиция,номер:5,sys_id:3784}",{sys_id:2999}
{sys_id:2992},"{type:позиция,номер:4,sys_id:420}",{sys_id:2999}
{sys_id:2990},"{type:позиция,номер:4,sys_id:285}",{sys_id:2999}
{sys_id:3019},"{type:позиция,номер:5,sys_id:325}",{sys_id:2999}
{sys_id:3002},"{type:позиция,номер:6,sys_id:308}",{sys_id:2999}
{sys_id:2972},"{type:реферер,sys_id:310}",{sys_id:2999}
{sys_id:442},"{type:реферал,номер:7,sys_id:291}",{sys_id:2999}
{sys_id:2998},"{type:принадлежит,номер:7,sys_id:290}",{sys_id:2999}
{sys_id:2989},"{type:позиция,номер:7,sys_id:275}",{sys_id:2999}
{sys_id:2999},"{type:имеет,sys_id:267}",{sys_id:3000}
{sys_id:2972},"{type:список,sys_id:330}",{sys_id:3002}
{sys_id:2977},"{type:реферал,номер:7,sys_id:410}",{sys_id:3006}
{sys_id:3005},"{type:принадлежит,номер:7,sys_id:289}",{sys_id:3006}
{sys_id:2990},"{type:позиция,номер:7,sys_id:288}",{sys_id:3006}
{sys_id:3006},"{type:имеет,sys_id:345}",{sys_id:3007}
{sys_id:3086},"{type:раздел,sys_id:508}",{sys_id:3011}
{sys_id:3077},"{type:раздел,sys_id:490}",{sys_id:3011}
{sys_id:2630},"{type:раздел,sys_id:2993}",{sys_id:3011}
{sys_id:2650},"{type:раздел,sys_id:449}",{sys_id:3011}
{sys_id:3017},"{type:раздел,sys_id:447}",{sys_id:3011}
{sys_id:3016},"{type:раздел,sys_id:445}",{sys_id:3011}
{sys_id:3015},"{type:раздел,sys_id:443}",{sys_id:3011}
{sys_id:3014},"{type:раздел,sys_id:441}",{sys_id:3011}
{sys_id:3012},"{type:раздел,sys_id:437}",{sys_id:3011}
{sys_id:1309},"{type:раздел,sys_id:481}",{sys_id:3011}
{sys_id:2997},"{type:раздел,sys_id:480}",{sys_id:3011}
{sys_id:2996},"{type:раздел,sys_id:478}",{sys_id:3011}
{sys_id:3048},"{type:раздел,sys_id:456}",{sys_id:3011}
{sys_id:3047},"{type:раздел,sys_id:454}",{sys_id:3011}
{sys_id:3046},"{type:раздел,sys_id:452}",{sys_id:3011}
{sys_id:3045},"{type:раздел,sys_id:450}",{sys_id:3011}
{sys_id:2977},"{type:имеет,sys_id:319}",{sys_id:3018}
{sys_id:2977},"{type:список,sys_id:334}",{sys_id:3019}
{sys_id:2977},"{type:реферал,номер:7,sys_id:426}",{sys_id:3050}
{sys_id:3049},"{type:принадлежит,номер:7,sys_id:425}",{sys_id:3050}
{sys_id:2992},"{type:позиция,номер:7,sys_id:423}",{sys_id:3050}
{sys_id:3050},"{type:имеет,sys_id:457}",{sys_id:3051}
{sys_id:3121},"{type:раздел,sys_id:585}",{sys_id:3058}
{sys_id:2642},"{type:реферал,номер:7,sys_id:599}",{sys_id:3093}
{sys_id:3092},"{type:принадлежит,номер:7,sys_id:598}",{sys_id:3093}
{sys_id:3124},"{type:позиция,номер:7,sys_id:596}",{sys_id:3093}
{sys_id:3093},"{type:имеет,sys_id:519}",{sys_id:3094}
{sys_id:3093},"{type:список,sys_id:597}",{sys_id:3124}
{sys_id:3189},"{type:принадлежит,sys_id:2661}",{sys_id:3180}
{sys_id:1291},"{type:реферал,номер:7,sys_id:3264}",{sys_id:3180}
{sys_id:3183},"{type:кому,номер:7,sys_id:3263}",{sys_id:3180}
{sys_id:3182},"{type:позиция,номер:7,sys_id:3260}",{sys_id:3180}
{sys_id:3180},"{type:имеет,sys_id:3252}",{sys_id:3181}
{sys_id:3180},"{type:список,sys_id:3261}",{sys_id:3182}
{sys_id:2884},"{type:позиция,номер:6,sys_id:1857}",{sys_id:3194}
{sys_id:2669},"{type:позиция,номер:6,sys_id:1839}",{sys_id:3194}
{sys_id:2892},"{type:позиция,номер:6,sys_id:1769}",{sys_id:3194}
{sys_id:2872},"{type:позиция,номер:6,sys_id:1753}",{sys_id:3194}
{sys_id:2870},"{type:позиция,номер:6,sys_id:1685}",{sys_id:3194}
{sys_id:2818},"{type:позиция,номер:6,sys_id:1658}",{sys_id:3194}
{sys_id:2817},"{type:позиция,номер:6,sys_id:1727}",{sys_id:3194}
{sys_id:2815},"{type:позиция,номер:6,sys_id:1574}",{sys_id:3194}
{sys_id:2830},"{type:позиция,номер:6,sys_id:1671}",{sys_id:3194}
{sys_id:2828},"{type:позиция,номер:6,sys_id:1655}",{sys_id:3194}
{sys_id:2840},"{type:позиция,номер:6,sys_id:1635}",{sys_id:3194}
{sys_id:2838},"{type:позиция,номер:6,sys_id:1621}",{sys_id:3194}
{sys_id:2822},"{type:позиция,номер:6,sys_id:1473}",{sys_id:3194}
{sys_id:2834},"{type:позиция,номер:6,sys_id:1587}",{sys_id:3194}
{sys_id:3316},"{type:позиция,номер:7,sys_id:3489}",{sys_id:3194}
{sys_id:499},"{type:позиция,номер:6,sys_id:1962}",{sys_id:3194}
{sys_id:3430},"{type:позиция,номер:5,sys_id:3372}",{sys_id:3194}
{sys_id:2452},"{type:позиция,номер:6,sys_id:2309}",{sys_id:3194}
{sys_id:2544},"{type:позиция,номер:6,sys_id:2301}",{sys_id:3194}
{sys_id:490},"{type:позиция,номер:5,sys_id:2508}",{sys_id:3194}
{sys_id:2545},"{type:позиция,номер:6,sys_id:2539}",{sys_id:3194}
{sys_id:2582},"{type:позиция,номер:6,sys_id:2955}",{sys_id:3194}
{sys_id:2874},"{type:реферер,sys_id:1765}",{sys_id:3194}
{sys_id:2890},"{type:реферер,sys_id:1710}",{sys_id:3194}
{sys_id:2832},"{type:реферер,sys_id:1679}",{sys_id:3194}
{sys_id:2851},"{type:реферер,sys_id:1706}",{sys_id:3194}
{sys_id:2848},"{type:реферер,sys_id:1697}",{sys_id:3194}
{sys_id:2846},"{type:реферер,sys_id:1695}",{sys_id:3194}
{sys_id:2844},"{type:реферер,sys_id:1649}",{sys_id:3194}
{sys_id:2842},"{type:реферер,sys_id:1647}",{sys_id:3194}
{sys_id:2826},"{type:реферер,sys_id:1609}",{sys_id:3194}
{sys_id:2824},"{type:реферер,sys_id:1603}",{sys_id:3194}
{sys_id:2835},"{type:реферер,sys_id:1591}",{sys_id:3194}
{sys_id:2820},"{type:реферер,sys_id:1531}",{sys_id:3194}
{sys_id:3399},"{type:реферер,sys_id:3589}",{sys_id:3194}
{sys_id:2580},"{type:реферер,sys_id:2949}",{sys_id:3194}
{sys_id:3317},"{type:кому,номер:7,sys_id:3492}",{sys_id:3194}
{sys_id:1326},"{type:реферал,sys_id:3493}",{sys_id:3194}
{sys_id:3206},"{type:принадлежит,sys_id:2664}",{sys_id:3194}
{sys_id:3194},"{type:имеет,sys_id:3441}",{sys_id:3195}
{sys_id:3222},"{type:принадлежит,sys_id:2671}",{sys_id:3196}
{sys_id:2440},"{type:позиция,номер:4,sys_id:3694}",{sys_id:3196}
{sys_id:3500},"{type:позиция,номер:4,sys_id:3698}",{sys_id:3196}
{sys_id:3218},"{type:позиция,номер:5,sys_id:3311}",{sys_id:3196}
{sys_id:3202},"{type:позиция,номер:6,sys_id:3285}",{sys_id:3196}
{sys_id:3200},"{type:реферер,номер:7,sys_id:3279}",{sys_id:3196}
{sys_id:1345},"{type:реферал,номер:7,sys_id:3277}",{sys_id:3196}
{sys_id:3199},"{type:кому,номер:7,sys_id:3276}",{sys_id:3196}
{sys_id:3198},"{type:позиция,номер:7,sys_id:3273}",{sys_id:3196}
{sys_id:3196},"{type:имеет,sys_id:3265}",{sys_id:3197}
{sys_id:3196},"{type:список,sys_id:3274}",{sys_id:3198}
{sys_id:3226},"{type:принадлежит,sys_id:2673}",{sys_id:3200}
{sys_id:2440},"{type:позиция,номер:5,sys_id:3701}",{sys_id:3200}
{sys_id:3500},"{type:позиция,номер:5,sys_id:3699}",{sys_id:3200}
{sys_id:3218},"{type:позиция,номер:6,sys_id:3312}",{sys_id:3200}
{sys_id:3216},"{type:реферер,sys_id:3306}",{sys_id:3200}
{sys_id:3196},"{type:реферал,sys_id:3290}",{sys_id:3200}
{sys_id:3203},"{type:кому,номер:7,sys_id:3289}",{sys_id:3200}
{sys_id:3202},"{type:позиция,номер:7,sys_id:3286}",{sys_id:3200}
{sys_id:3200},"{type:имеет,sys_id:3278}",{sys_id:3201}
{sys_id:3200},"{type:список,sys_id:3287}",{sys_id:3202}
{sys_id:2436},"{type:принадлежит,sys_id:2544}",{sys_id:3216}
{sys_id:2440},"{type:позиция,номер:6,sys_id:3722}",{sys_id:3216}
{sys_id:3498},"{type:реферер,sys_id:3398}",{sys_id:3216}
{sys_id:3500},"{type:позиция,номер:6,sys_id:3700}",{sys_id:3216}
{sys_id:3200},"{type:реферал,номер:7,sys_id:3317}",{sys_id:3216}
{sys_id:3219},"{type:кому,номер:7,sys_id:3316}",{sys_id:3216}
{sys_id:3218},"{type:позиция,номер:7,sys_id:3313}",{sys_id:3216}
{sys_id:3216},"{type:имеет,sys_id:3305}",{sys_id:3217}
{sys_id:3216},"{type:список,sys_id:3314}",{sys_id:3218}
{sys_id:3194},"{type:список,sys_id:3490}",{sys_id:3316}
{sys_id:2534},"{type:принадлежит,sys_id:2549}",{sys_id:3367}
{sys_id:3399},"{type:реферал,sys_id:3300}",{sys_id:3367}
{sys_id:3431},"{type:кому,номер:7,sys_id:3299}",{sys_id:3367}
{sys_id:3430},"{type:позиция,номер:7,sys_id:3375}",{sys_id:3367}
{sys_id:3367},"{type:имеет,sys_id:3295}",{sys_id:3368}
{sys_id:2535},"{type:принадлежит,sys_id:2550}",{sys_id:3399}
{sys_id:3430},"{type:позиция,номер:6,sys_id:3374}",{sys_id:3399}
{sys_id:3367},"{type:реферер,sys_id:3296}",{sys_id:3399}
{sys_id:3194},"{type:реферал,sys_id:1967}",{sys_id:3399}
{sys_id:500},"{type:кому,номер:7,sys_id:1966}",{sys_id:3399}
{sys_id:499},"{type:позиция,номер:7,sys_id:1963}",{sys_id:3399}
{sys_id:3399},"{type:имеет,sys_id:3588}",{sys_id:3400}
{sys_id:3367},"{type:список,sys_id:3376}",{sys_id:3430}
{sys_id:3058},"{type:раздел,sys_id:482}",{sys_id:3448}
{sys_id:3027},"{type:раздел,sys_id:373}",{sys_id:3448}
{sys_id:3026},"{type:раздел,sys_id:371}",{sys_id:3448}
{sys_id:3025},"{type:раздел,sys_id:369}",{sys_id:3448}
{sys_id:3024},"{type:раздел,sys_id:367}",{sys_id:3448}
{sys_id:3023},"{type:раздел,sys_id:365}",{sys_id:3448}
{sys_id:3022},"{type:раздел,sys_id:363}",{sys_id:3448}
{sys_id:3044},"{type:раздел,sys_id:408}",{sys_id:3457}
{sys_id:3043},"{type:раздел,sys_id:406}",{sys_id:3457}
{sys_id:3042},"{type:раздел,sys_id:404}",{sys_id:3457}
{sys_id:3041},"{type:раздел,sys_id:402}",{sys_id:3457}
{sys_id:3040},"{type:раздел,sys_id:400}",{sys_id:3457}
{sys_id:3478},"{type:раздел,sys_id:3677}",{sys_id:3457}
{sys_id:3458},"{type:раздел,sys_id:3577}",{sys_id:3457}
{sys_id:3204},"{type:раздел,sys_id:3672}",{sys_id:3457}
{sys_id:3102},"{type:раздел,sys_id:547}",{sys_id:3481}
{sys_id:3101},"{type:раздел,sys_id:545}",{sys_id:3481}
{sys_id:3100},"{type:раздел,sys_id:543}",{sys_id:3481}
{sys_id:3099},"{type:раздел,sys_id:541}",{sys_id:3481}
{sys_id:3098},"{type:раздел,sys_id:539}",{sys_id:3481}
{sys_id:3097},"{type:раздел,sys_id:537}",{sys_id:3481}
{sys_id:3096},"{type:раздел,sys_id:535}",{sys_id:3481}
{sys_id:3095},"{type:раздел,sys_id:533}",{sys_id:3481}
{sys_id:3122},"{type:раздел,sys_id:587}",{sys_id:3482}
{sys_id:3013},"{type:раздел,sys_id:439}",{sys_id:3482}
{sys_id:3033},"{type:раздел,sys_id:386}",{sys_id:3482}
{sys_id:3032},"{type:раздел,sys_id:384}",{sys_id:3482}
{sys_id:3031},"{type:раздел,sys_id:382}",{sys_id:3482}
{sys_id:3030},"{type:раздел,sys_id:380}",{sys_id:3482}
{sys_id:3029},"{type:раздел,sys_id:378}",{sys_id:3482}
{sys_id:3028},"{type:раздел,sys_id:376}",{sys_id:3482}
{sys_id:2536},"{type:принадлежит,sys_id:2610}",{sys_id:3498}
{sys_id:3216},"{type:реферал,номер:7,sys_id:2267}",{sys_id:3498}
{sys_id:2441},"{type:кому,номер:7,sys_id:2257}",{sys_id:3498}
{sys_id:2440},"{type:позиция,номер:7,sys_id:3724}",{sys_id:3498}
{sys_id:2972},"{type:реферал,номер:7,sys_id:3789}",{sys_id:3565}
{sys_id:3564},"{type:принадлежит,номер:7,sys_id:3788}",{sys_id:3565}
{sys_id:3567},"{type:позиция,номер:7,sys_id:3786}",{sys_id:3565}
{sys_id:3565},"{type:имеет,sys_id:3778}",{sys_id:3566}
{sys_id:3565},"{type:список,sys_id:3787}",{sys_id:3567}